freq,age,unit,lev_know,deg_urb,geo\TIME_PERIOD,year_2022
A,Y18-24,PC,BASIC,DEG1,AT,0.556
A,Y18-24,PC,BASIC,DEG1,BE,1.468
A,Y18-24,PC,BASIC,DEG1,BG,1.104
A,Y18-24,PC,BASIC,DEG1,CY,0.508
A,Y18-24,PC,BASIC,DEG1,CZ,1.865
A,Y18-24,PC,BASIC,DEG1,DE,0.94
A,Y18-24,PC,BASIC,DEG1,EA20,1.447
A,Y18-24,PC,BASIC,DEG1,EE,0.974
A,Y18-24,PC,BASIC,DEG1,EL,1.049
A,Y18-24,PC,BASIC,DEG1,ES,1.907
A,Y18-24,PC,BASIC,DEG1,EU27_2020,1.413
A,Y18-24,PC,BASIC,DEG1,FR,2.016
A,Y18-24,PC,BASIC,DEG1,HR,0.761
A,Y18-24,PC,BASIC,DEG1,HU,1.337
A,Y18-24,PC,BASIC,DEG1,IE,3.162
A,Y18-24,PC,BASIC,DEG1,IS,0.281
A,Y18-24,PC,BASIC,DEG1,IT,1.715
A,Y18-24,PC,BASIC,DEG1,LV,0.672
A,Y18-24,PC,BASIC,DEG1,MT,3.271
A,Y18-24,PC,BASIC,DEG1,NL,0.576
A,Y18-24,PC,BASIC,DEG1,NO,0.501
A,Y18-24,PC,BASIC,DEG1,PL,1.557
A,Y18-24,PC,BASIC,DEG1,PT,1.886
A,Y18-24,PC,BASIC,DEG1,RO,1.118
A,Y18-24,PC,BASIC,DEG1,SE,0.658
A,Y18-24,PC,BASIC,DEG1,SK,0.672
A,Y18-24,PC,BASIC,DEG2,AT,0.988
A,Y18-24,PC,BASIC,DEG2,BE,1.413
A,Y18-24,PC,BASIC,DEG2,BG,2.901
A,Y18-24,PC,BASIC,DEG2,CY,0.953
A,Y18-24,PC,BASIC,DEG2,CZ,2.263
A,Y18-24,PC,BASIC,DEG2,DE,1.2
A,Y18-24,PC,BASIC,DEG2,EA20,1.886
A,Y18-24,PC,BASIC,DEG2,EL,1.214
A,Y18-24,PC,BASIC,DEG2,ES,2.592
A,Y18-24,PC,BASIC,DEG2,EU27_2020,1.92
A,Y18-24,PC,BASIC,DEG2,FR,3.443
A,Y18-24,PC,BASIC,DEG2,HR,1.399
A,Y18-24,PC,BASIC,DEG2,HU,2.195
A,Y18-24,PC,BASIC,DEG2,IE,3.655
A,Y18-24,PC,BASIC,DEG2,IT,1.845
A,Y18-24,PC,BASIC,DEG2,LU,0.597
A,Y18-24,PC,BASIC,DEG2,MT,3.134
A,Y18-24,PC,BASIC,DEG2,NL,0.953
A,Y18-24,PC,BASIC,DEG2,NO,0.988
A,Y18-24,PC,BASIC,DEG2,PL,2.867
A,Y18-24,PC,BASIC,DEG2,PT,1.961
A,Y18-24,PC,BASIC,DEG2,RO,2.147
A,Y18-24,PC,BASIC,DEG2,SE,0.837
A,Y18-24,PC,BASIC,DEG2,SI,0.713
A,Y18-24,PC,BASIC,DEG2,SK,0.501
A,Y18-24,PC,BASIC,DEG3,AT,1.413
A,Y18-24,PC,BASIC,DEG3,BE,3.127
A,Y18-24,PC,BASIC,DEG3,CY,0.796
A,Y18-24,PC,BASIC,DEG3,CZ,2.387
A,Y18-24,PC,BASIC,DEG3,DE,1.715
A,Y18-24,PC,BASIC,DEG3,EA20,2.256
A,Y18-24,PC,BASIC,DEG3,EE,1.769
A,Y18-24,PC,BASIC,DEG3,EL,2.551
A,Y18-24,PC,BASIC,DEG3,ES,3.059
A,Y18-24,PC,BASIC,DEG3,EU27_2020,2.366
A,Y18-24,PC,BASIC,DEG3,FR,3.443
A,Y18-24,PC,BASIC,DEG3,HR,1.509
A,Y18-24,PC,BASIC,DEG3,HU,2.668
A,Y18-24,PC,BASIC,DEG3,IE,3.69
A,Y18-24,PC,BASIC,DEG3,IT,2.256
A,Y18-24,PC,BASIC,DEG3,LT,3.011
A,Y18-24,PC,BASIC,DEG3,LU,0.562
A,Y18-24,PC,BASIC,DEG3,LV,0.631
A,Y18-24,PC,BASIC,DEG3,MT,4.204
A,Y18-24,PC,BASIC,DEG3,NL,1.269
A,Y18-24,PC,BASIC,DEG3,NO,1.084
A,Y18-24,PC,BASIC,DEG3,PL,2.887
A,Y18-24,PC,BASIC,DEG3,PT,2.174
A,Y18-24,PC,BASIC,DEG3,RO,3.052
A,Y18-24,PC,BASIC,DEG3,SE,1.063
A,Y18-24,PC,BASIC,DEG3,SI,0.885
A,Y18-24,PC,BASIC,DEG3,SK,0.988
A,Y18-24,PC,BASIC,TOTAL,AT,0.994
A,Y18-24,PC,BASIC,TOTAL,BE,1.701
A,Y18-24,PC,BASIC,TOTAL,BG,1.468
A,Y18-24,PC,BASIC,TOTAL,CY,0.693
A,Y18-24,PC,BASIC,TOTAL,CZ,2.202
A,Y18-24,PC,BASIC,TOTAL,DE,1.173
A,Y18-24,PC,BASIC,TOTAL,DK,0.775
A,Y18-24,PC,BASIC,TOTAL,EA20,1.749
A,Y18-24,PC,BASIC,TOTAL,EE,1.365
A,Y18-24,PC,BASIC,TOTAL,EL,1.454
A,Y18-24,PC,BASIC,TOTAL,ES,2.25
A,Y18-24,PC,BASIC,TOTAL,EU27_2020,1.783
A,Y18-24,PC,BASIC,TOTAL,FR,2.654
A,Y18-24,PC,BASIC,TOTAL,HR,1.186
A,Y18-24,PC,BASIC,TOTAL,HU,1.975
A,Y18-24,PC,BASIC,TOTAL,IE,3.505
A,Y18-24,PC,BASIC,TOTAL,IS,0.336
A,Y18-24,PC,BASIC,TOTAL,IT,1.865
A,Y18-24,PC,BASIC,TOTAL,LT,1.955
A,Y18-24,PC,BASIC,TOTAL,LU,0.576
A,Y18-24,PC,BASIC,TOTAL,LV,0.645
A,Y18-24,PC,BASIC,TOTAL,MT,3.23
A,Y18-24,PC,BASIC,TOTAL,NL,0.775
A,Y18-24,PC,BASIC,TOTAL,NO,0.864
A,Y18-24,PC,BASIC,TOTAL,PL,2.394
A,Y18-24,PC,BASIC,TOTAL,PT,1.961
A,Y18-24,PC,BASIC,TOTAL,RO,2.112
A,Y18-24,PC,BASIC,TOTAL,RS,0.919
A,Y18-24,PC,BASIC,TOTAL,SE,0.789
A,Y18-24,PC,BASIC,TOTAL,SI,0.734
A,Y18-24,PC,BASIC,TOTAL,SK,0.727
A,Y18-24,PC,GOOD,DEG1,AT,2.126
A,Y18-24,PC,GOOD,DEG1,BE,2.229
A,Y18-24,PC,GOOD,DEG1,BG,2.716
A,Y18-24,PC,GOOD,DEG1,CY,1.372
A,Y18-24,PC,GOOD,DEG1,CZ,2.956
A,Y18-24,PC,GOOD,DEG1,DE,2.4
A,Y18-24,PC,GOOD,DEG1,DK,1.763
A,Y18-24,PC,GOOD,DEG1,EA20,2.524
A,Y18-24,PC,GOOD,DEG1,EE,1.379
A,Y18-24,PC,GOOD,DEG1,EL,2.366
A,Y18-24,PC,GOOD,DEG1,ES,2.4
A,Y18-24,PC,GOOD,DEG1,EU27_2020,2.496
A,Y18-24,PC,GOOD,DEG1,FI,1.427
A,Y18-24,PC,GOOD,DEG1,FR,2.483
A,Y18-24,PC,GOOD,DEG1,HR,2.88
A,Y18-24,PC,GOOD,DEG1,HU,2.702
A,Y18-24,PC,GOOD,DEG1,IE,2.202
A,Y18-24,PC,GOOD,DEG1,IS,1.331
A,Y18-24,PC,GOOD,DEG1,IT,3.697
A,Y18-24,PC,GOOD,DEG1,LT,1.893
A,Y18-24,PC,GOOD,DEG1,LU,1.763
A,Y18-24,PC,GOOD,DEG1,LV,2.414
A,Y18-24,PC,GOOD,DEG1,MT,1.413
A,Y18-24,PC,GOOD,DEG1,NL,2.407
A,Y18-24,PC,GOOD,DEG1,NO,3.313
A,Y18-24,PC,GOOD,DEG1,PL,2.215
A,Y18-24,PC,GOOD,DEG1,PT,2.071
A,Y18-24,PC,GOOD,DEG1,RO,3.169
A,Y18-24,PC,GOOD,DEG1,RS,2.544
A,Y18-24,PC,GOOD,DEG1,SE,1.296
A,Y18-24,PC,GOOD,DEG1,SI,2.16
A,Y18-24,PC,GOOD,DEG1,SK,2.764
A,Y18-24,PC,GOOD,DEG2,AT,3.018
A,Y18-24,PC,GOOD,DEG2,BE,3.223
A,Y18-24,PC,GOOD,DEG2,CY,1.687
A,Y18-24,PC,GOOD,DEG2,CZ,3.011
A,Y18-24,PC,GOOD,DEG2,DE,2.75
A,Y18-24,PC,GOOD,DEG2,DK,2.195
A,Y18-24,PC,GOOD,DEG2,EA20,2.839
A,Y18-24,PC,GOOD,DEG2,EE,1.982
A,Y18-24,PC,GOOD,DEG2,EL,2.819
A,Y18-24,PC,GOOD,DEG2,ES,2.256
A,Y18-24,PC,GOOD,DEG2,EU27_2020,2.778
A,Y18-24,PC,GOOD,DEG2,FR,2.119
A,Y18-24,PC,GOOD,DEG2,HR,2.572
A,Y18-24,PC,GOOD,DEG2,HU,2.784
A,Y18-24,PC,GOOD,DEG2,IE,1.701
A,Y18-24,PC,GOOD,DEG2,IS,1.193
A,Y18-24,PC,GOOD,DEG2,IT,3.834
A,Y18-24,PC,GOOD,DEG2,LU,1.653
A,Y18-24,PC,GOOD,DEG2,MT,1.742
A,Y18-24,PC,GOOD,DEG2,NL,2.949
A,Y18-24,PC,GOOD,DEG2,NO,3.23
A,Y18-24,PC,GOOD,DEG2,PL,2.325
A,Y18-24,PC,GOOD,DEG2,PT,2.476
A,Y18-24,PC,GOOD,DEG2,RO,2.88
A,Y18-24,PC,GOOD,DEG2,SE,1.996
A,Y18-24,PC,GOOD,DEG2,SI,2.675
A,Y18-24,PC,GOOD,DEG2,SK,3.018
A,Y18-24,PC,GOOD,DEG3,AT,3.093
A,Y18-24,PC,GOOD,DEG3,BE,2.757
A,Y18-24,PC,GOOD,DEG3,BG,2.716
A,Y18-24,PC,GOOD,DEG3,CY,2.346
A,Y18-24,PC,GOOD,DEG3,CZ,3.1
A,Y18-24,PC,GOOD,DEG3,DE,2.915
A,Y18-24,PC,GOOD,DEG3,EA20,2.764
A,Y18-24,PC,GOOD,DEG3,EE,1.961
A,Y18-24,PC,GOOD,DEG3,EL,2.647
A,Y18-24,PC,GOOD,DEG3,ES,1.742
A,Y18-24,PC,GOOD,DEG3,EU27_2020,2.723
A,Y18-24,PC,GOOD,DEG3,FR,2.688
A,Y18-24,PC,GOOD,DEG3,HR,2.613
A,Y18-24,PC,GOOD,DEG3,HU,2.531
A,Y18-24,PC,GOOD,DEG3,IE,1.941
A,Y18-24,PC,GOOD,DEG3,IS,1.886
A,Y18-24,PC,GOOD,DEG3,IT,3.484
A,Y18-24,PC,GOOD,DEG3,LT,2.009
A,Y18-24,PC,GOOD,DEG3,LU,1.543
A,Y18-24,PC,GOOD,DEG3,LV,2.215
A,Y18-24,PC,GOOD,DEG3,NL,2.963
A,Y18-24,PC,GOOD,DEG3,NO,3.306
A,Y18-24,PC,GOOD,DEG3,PL,2.634
A,Y18-24,PC,GOOD,DEG3,PT,2.394
A,Y18-24,PC,GOOD,DEG3,RO,2.517
A,Y18-24,PC,GOOD,DEG3,RS,3.553
A,Y18-24,PC,GOOD,DEG3,SE,1.811
A,Y18-24,PC,GOOD,DEG3,SI,2.97
A,Y18-24,PC,GOOD,DEG3,SK,3.265
A,Y18-24,PC,GOOD,TOTAL,AT,2.736
A,Y18-24,PC,GOOD,TOTAL,BE,2.867
A,Y18-24,PC,GOOD,TOTAL,BG,2.64
A,Y18-24,PC,GOOD,TOTAL,CY,1.715
A,Y18-24,PC,GOOD,TOTAL,CZ,3.031
A,Y18-24,PC,GOOD,TOTAL,DE,2.627
A,Y18-24,PC,GOOD,TOTAL,DK,2.085
A,Y18-24,PC,GOOD,TOTAL,EA20,2.682
A,Y18-24,PC,GOOD,TOTAL,EE,1.68
A,Y18-24,PC,GOOD,TOTAL,EL,2.565
A,Y18-24,PC,GOOD,TOTAL,ES,2.284
A,Y18-24,PC,GOOD,TOTAL,EU27_2020,2.64
A,Y18-24,PC,GOOD,TOTAL,FI,1.625
A,Y18-24,PC,GOOD,TOTAL,FR,2.428
A,Y18-24,PC,GOOD,TOTAL,HR,2.702
A,Y18-24,PC,GOOD,TOTAL,HU,2.682
A,Y18-24,PC,GOOD,TOTAL,IE,1.968
A,Y18-24,PC,GOOD,TOTAL,IS,1.413
A,Y18-24,PC,GOOD,TOTAL,IT,3.731
A,Y18-24,PC,GOOD,TOTAL,LT,1.893
A,Y18-24,PC,GOOD,TOTAL,LU,1.625
A,Y18-24,PC,GOOD,TOTAL,LV,2.291
A,Y18-24,PC,GOOD,TOTAL,MT,1.571
A,Y18-24,PC,GOOD,TOTAL,NL,2.599
A,Y18-24,PC,GOOD,TOTAL,NO,3.278
A,Y18-24,PC,GOOD,TOTAL,PL,2.407
A,Y18-24,PC,GOOD,TOTAL,PT,2.256
A,Y18-24,PC,GOOD,TOTAL,RO,2.846
A,Y18-24,PC,GOOD,TOTAL,RS,2.928
A,Y18-24,PC,GOOD,TOTAL,SE,1.646
A,Y18-24,PC,GOOD,TOTAL,SI,2.702
A,Y18-24,PC,GOOD,TOTAL,SK,3.045
A,Y18-24,PC,NRP,DEG1,DE,0.233
A,Y18-24,PC,NRP,DEG1,EA20,0.075
A,Y18-24,PC,NRP,DEG1,EU27_2020,0.062
A,Y18-24,PC,NRP,DEG2,EA20,0.034
A,Y18-24,PC,NRP,DEG2,EU27_2020,0.027
A,Y18-24,PC,NRP,TOTAL,DE,0.151
A,Y18-24,PC,NRP,TOTAL,EA20,0.048
A,Y18-24,PC,NRP,TOTAL,EU27_2020,0.041
A,Y18-24,PC,PROF,DEG1,AT,4.094
A,Y18-24,PC,PROF,DEG1,BE,3.162
A,Y18-24,PC,PROF,DEG1,BG,3.038
A,Y18-24,PC,PROF,DEG1,CY,4.979
A,Y18-24,PC,PROF,DEG1,CZ,2.037
A,Y18-24,PC,PROF,DEG1,DE,3.285
A,Y18-24,PC,PROF,DEG1,DK,4.588
A,Y18-24,PC,PROF,DEG1,EA20,2.812
A,Y18-24,PC,PROF,DEG1,EE,4.499
A,Y18-24,PC,PROF,DEG1,EL,3.443
A,Y18-24,PC,PROF,DEG1,ES,2.49
A,Y18-24,PC,PROF,DEG1,EU27_2020,2.894
A,Y18-24,PC,PROF,DEG1,FI,4.595
A,Y18-24,PC,PROF,DEG1,FR,2.359
A,Y18-24,PC,PROF,DEG1,HR,3.217
A,Y18-24,PC,PROF,DEG1,HU,2.812
A,Y18-24,PC,PROF,DEG1,IE,1.488
A,Y18-24,PC,PROF,DEG1,IS,5.144
A,Y18-24,PC,PROF,DEG1,IT,1.447
A,Y18-24,PC,PROF,DEG1,LT,4.108
A,Y18-24,PC,PROF,DEG1,LU,4.547
A,Y18-24,PC,PROF,DEG1,LV,3.765
A,Y18-24,PC,PROF,DEG1,MT,2.174
A,Y18-24,PC,PROF,DEG1,NL,3.813
A,Y18-24,PC,PROF,DEG1,NO,3.004
A,Y18-24,PC,PROF,DEG1,PL,3.079
A,Y18-24,PC,PROF,DEG1,PT,2.86
A,Y18-24,PC,PROF,DEG1,RO,2.572
A,Y18-24,PC,PROF,DEG1,RS,3.738
A,Y18-24,PC,PROF,DEG1,SE,4.869
A,Y18-24,PC,PROF,DEG1,SI,4.28
A,Y18-24,PC,PROF,DEG1,SK,3.422
A,Y18-24,PC,PROF,DEG2,AT,2.839
A,Y18-24,PC,PROF,DEG2,BE,2.229
A,Y18-24,PC,PROF,DEG2,CY,4.218
A,Y18-24,PC,PROF,DEG2,CZ,1.584
A,Y18-24,PC,PROF,DEG2,DE,2.812
A,Y18-24,PC,PROF,DEG2,DK,3.367
A,Y18-24,PC,PROF,DEG2,EA20,2.105
A,Y18-24,PC,PROF,DEG2,EE,3.223
A,Y18-24,PC,PROF,DEG2,EL,2.826
A,Y18-24,PC,PROF,DEG2,ES,1.968
A,Y18-24,PC,PROF,DEG2,EU27_2020,2.126
A,Y18-24,PC,PROF,DEG2,FI,4.286
A,Y18-24,PC,PROF,DEG2,FR,1.296
A,Y18-24,PC,PROF,DEG2,HR,2.887
A,Y18-24,PC,PROF,DEG2,HU,1.879
A,Y18-24,PC,PROF,DEG2,IE,1.475
A,Y18-24,PC,PROF,DEG2,IS,5.295
A,Y18-24,PC,PROF,DEG2,IT,1.18
A,Y18-24,PC,PROF,DEG2,LT,3.285
A,Y18-24,PC,PROF,DEG2,LU,4.499
A,Y18-24,PC,PROF,DEG2,MT,1.982
A,Y18-24,PC,PROF,DEG2,NL,2.956
A,Y18-24,PC,PROF,DEG2,NO,2.592
A,Y18-24,PC,PROF,DEG2,PL,1.673
A,Y18-24,PC,PROF,DEG2,PT,2.407
A,Y18-24,PC,PROF,DEG2,RO,1.831
A,Y18-24,PC,PROF,DEG2,RS,3.402
A,Y18-24,PC,PROF,DEG2,SE,3.978
A,Y18-24,PC,PROF,DEG2,SI,3.47
A,Y18-24,PC,PROF,DEG2,SK,3.34
A,Y18-24,PC,PROF,DEG3,AT,2.352
A,Y18-24,PC,PROF,DEG3,BE,0.974
A,Y18-24,PC,PROF,DEG3,CY,3.724
A,Y18-24,PC,PROF,DEG3,CZ,1.372
A,Y18-24,PC,PROF,DEG3,DE,2.181
A,Y18-24,PC,PROF,DEG3,DK,3.23
A,Y18-24,PC,PROF,DEG3,EA20,1.811
A,Y18-24,PC,PROF,DEG3,EE,3.127
A,Y18-24,PC,PROF,DEG3,EL,1.66
A,Y18-24,PC,PROF,DEG3,ES,1.975
A,Y18-24,PC,PROF,DEG3,EU27_2020,1.735
A,Y18-24,PC,PROF,DEG3,FR,0.727
A,Y18-24,PC,PROF,DEG3,HR,2.73
A,Y18-24,PC,PROF,DEG3,HU,1.66
A,Y18-24,PC,PROF,DEG3,IE,1.228
A,Y18-24,PC,PROF,DEG3,IS,4.232
A,Y18-24,PC,PROF,DEG3,IT,1.118
A,Y18-24,PC,PROF,DEG3,LT,1.838
A,Y18-24,PC,PROF,DEG3,LU,4.732
A,Y18-24,PC,PROF,DEG3,LV,4.012
A,Y18-24,PC,PROF,DEG3,NL,2.62
A,Y18-24,PC,PROF,DEG3,NO,2.352
A,Y18-24,PC,PROF,DEG3,PL,1.276
A,Y18-24,PC,PROF,DEG3,PT,2.222
A,Y18-24,PC,PROF,DEG3,RO,1.289
A,Y18-24,PC,PROF,DEG3,SE,3.82
A,Y18-24,PC,PROF,DEG3,SI,3.004
A,Y18-24,PC,PROF,DEG3,SK,2.606
A,Y18-24,PC,PROF,TOTAL,AT,3.1
A,Y18-24,PC,PROF,TOTAL,BE,2.291
A,Y18-24,PC,PROF,TOTAL,BG,2.75
A,Y18-24,PC,PROF,TOTAL,CY,4.451
A,Y18-24,PC,PROF,TOTAL,CZ,1.632
A,Y18-24,PC,PROF,TOTAL,DE,2.915
A,Y18-24,PC,PROF,TOTAL,DK,3.95
A,Y18-24,PC,PROF,TOTAL,EA20,2.38
A,Y18-24,PC,PROF,TOTAL,EE,3.813
A,Y18-24,PC,PROF,TOTAL,EL,2.839
A,Y18-24,PC,PROF,TOTAL,ES,2.263
A,Y18-24,PC,PROF,TOTAL,EU27_2020,2.394
A,Y18-24,PC,PROF,TOTAL,FI,4.499
A,Y18-24,PC,PROF,TOTAL,FR,1.776
A,Y18-24,PC,PROF,TOTAL,HR,2.97
A,Y18-24,PC,PROF,TOTAL,HU,2.195
A,Y18-24,PC,PROF,TOTAL,IE,1.379
A,Y18-24,PC,PROF,TOTAL,IS,4.993
A,Y18-24,PC,PROF,TOTAL,IT,1.262
A,Y18-24,PC,PROF,TOTAL,LT,3.011
A,Y18-24,PC,PROF,TOTAL,LU,4.588
A,Y18-24,PC,PROF,TOTAL,LV,3.923
A,Y18-24,PC,PROF,TOTAL,MT,2.057
A,Y18-24,PC,PROF,TOTAL,NL,3.443
A,Y18-24,PC,PROF,TOTAL,NO,2.654
A,Y18-24,PC,PROF,TOTAL,PL,2.037
A,Y18-24,PC,PROF,TOTAL,PT,2.599
A,Y18-24,PC,PROF,TOTAL,RO,1.9
A,Y18-24,PC,PROF,TOTAL,RS,3.011
A,Y18-24,PC,PROF,TOTAL,SE,4.369
A,Y18-24,PC,PROF,TOTAL,SI,3.429
A,Y18-24,PC,PROF,TOTAL,SK,3.079
A,Y18-64,PC,BASIC,DEG1,AT,1.255
A,Y18-64,PC,BASIC,DEG1,BE,1.509
A,Y18-64,PC,BASIC,DEG1,BG,2.085
A,Y18-64,PC,BASIC,DEG1,CY,0.912
A,Y18-64,PC,BASIC,DEG1,CZ,2.908
A,Y18-64,PC,BASIC,DEG1,DE,1.673
A,Y18-64,PC,BASIC,DEG1,DK,0.768
A,Y18-64,PC,BASIC,DEG1,EA20,2.126
A,Y18-64,PC,BASIC,DEG1,EE,1.824
A,Y18-64,PC,BASIC,DEG1,EL,1.955
A,Y18-64,PC,BASIC,DEG1,ES,2.62
A,Y18-64,PC,BASIC,DEG1,EU27_2020,2.119
A,Y18-64,PC,BASIC,DEG1,FI,1.09
A,Y18-64,PC,BASIC,DEG1,FR,2.613
A,Y18-64,PC,BASIC,DEG1,HR,1.852
A,Y18-64,PC,BASIC,DEG1,HU,2.263
A,Y18-64,PC,BASIC,DEG1,IE,3.566
A,Y18-64,PC,BASIC,DEG1,IS,0.391
A,Y18-64,PC,BASIC,DEG1,IT,3.107
A,Y18-64,PC,BASIC,DEG1,LT,1.125
A,Y18-64,PC,BASIC,DEG1,LU,0.549
A,Y18-64,PC,BASIC,DEG1,LV,1.173
A,Y18-64,PC,BASIC,DEG1,MT,2.62
A,Y18-64,PC,BASIC,DEG1,NL,0.864
A,Y18-64,PC,BASIC,DEG1,NO,0.898
A,Y18-64,PC,BASIC,DEG1,PL,2.524
A,Y18-64,PC,BASIC,DEG1,PT,2.832
A,Y18-64,PC,BASIC,DEG1,RO,2.057
A,Y18-64,PC,BASIC,DEG1,RS,1.516
A,Y18-64,PC,BASIC,DEG1,SE,1.077
A,Y18-64,PC,BASIC,DEG1,SI,0.761
A,Y18-64,PC,BASIC,DEG1,SK,0.871
A,Y18-64,PC,BASIC,DEG2,AT,1.948
A,Y18-64,PC,BASIC,DEG2,BE,1.673
A,Y18-64,PC,BASIC,DEG2,BG,3.532
A,Y18-64,PC,BASIC,DEG2,CY,1.399
A,Y18-64,PC,BASIC,DEG2,CZ,3.93
A,Y18-64,PC,BASIC,DEG2,DE,2.428
A,Y18-64,PC,BASIC,DEG2,DK,1.324
A,Y18-64,PC,BASIC,DEG2,EA20,2.757
A,Y18-64,PC,BASIC,DEG2,EE,2.284
A,Y18-64,PC,BASIC,DEG2,EL,2.469
A,Y18-64,PC,BASIC,DEG2,ES,2.839
A,Y18-64,PC,BASIC,DEG2,EU27_2020,2.826
A,Y18-64,PC,BASIC,DEG2,FI,1.557
A,Y18-64,PC,BASIC,DEG2,FR,3.662
A,Y18-64,PC,BASIC,DEG2,HR,2.64
A,Y18-64,PC,BASIC,DEG2,HU,3.045
A,Y18-64,PC,BASIC,DEG2,IE,3.601
A,Y18-64,PC,BASIC,DEG2,IS,0.604
A,Y18-64,PC,BASIC,DEG2,IT,3.525
A,Y18-64,PC,BASIC,DEG2,LT,2.215
A,Y18-64,PC,BASIC,DEG2,LU,0.802
A,Y18-64,PC,BASIC,DEG2,MT,2.757
A,Y18-64,PC,BASIC,DEG2,NL,1.077
A,Y18-64,PC,BASIC,DEG2,NO,1.241
A,Y18-64,PC,BASIC,DEG2,PL,3.957
A,Y18-64,PC,BASIC,DEG2,PT,3.038
A,Y18-64,PC,BASIC,DEG2,RO,3.093
A,Y18-64,PC,BASIC,DEG2,RS,2.325
A,Y18-64,PC,BASIC,DEG2,SE,1.68
A,Y18-64,PC,BASIC,DEG2,SI,1.084
A,Y18-64,PC,BASIC,DEG2,SK,0.912
A,Y18-64,PC,BASIC,DEG3,AT,2.716
A,Y18-64,PC,BASIC,DEG3,BE,3.025
A,Y18-64,PC,BASIC,DEG3,BG,2.949
A,Y18-64,PC,BASIC,DEG3,CY,1.646
A,Y18-64,PC,BASIC,DEG3,CZ,4.259
A,Y18-64,PC,BASIC,DEG3,DE,3.525
A,Y18-64,PC,BASIC,DEG3,DK,1.447
A,Y18-64,PC,BASIC,DEG3,EA20,3.23
A,Y18-64,PC,BASIC,DEG3,EE,2.263
A,Y18-64,PC,BASIC,DEG3,EL,3.566
A,Y18-64,PC,BASIC,DEG3,ES,3.409
A,Y18-64,PC,BASIC,DEG3,EU27_2020,3.367
A,Y18-64,PC,BASIC,DEG3,FI,1.886
A,Y18-64,PC,BASIC,DEG3,FR,4.17
A,Y18-64,PC,BASIC,DEG3,HR,2.579
A,Y18-64,PC,BASIC,DEG3,HU,3.559
A,Y18-64,PC,BASIC,DEG3,IE,4.094
A,Y18-64,PC,BASIC,DEG3,IS,0.46
A,Y18-64,PC,BASIC,DEG3,IT,3.703
A,Y18-64,PC,BASIC,DEG3,LT,2.346
A,Y18-64,PC,BASIC,DEG3,LU,0.604
A,Y18-64,PC,BASIC,DEG3,LV,0.871
A,Y18-64,PC,BASIC,DEG3,MT,2.846
A,Y18-64,PC,BASIC,DEG3,NL,1.379
A,Y18-64,PC,BASIC,DEG3,NO,1.598
A,Y18-64,PC,BASIC,DEG3,PL,4.218
A,Y18-64,PC,BASIC,DEG3,PT,3.436
A,Y18-64,PC,BASIC,DEG3,RO,3.868
A,Y18-64,PC,BASIC,DEG3,RS,2.887
A,Y18-64,PC,BASIC,DEG3,SE,2.037
A,Y18-64,PC,BASIC,DEG3,SI,1.365
A,Y18-64,PC,BASIC,DEG3,SK,1.07
A,Y18-64,PC,BASIC,TOTAL,AT,1.996
A,Y18-64,PC,BASIC,TOTAL,BE,1.817
A,Y18-64,PC,BASIC,TOTAL,BG,2.551
A,Y18-64,PC,BASIC,TOTAL,CY,1.207
A,Y18-64,PC,BASIC,TOTAL,CZ,3.738
A,Y18-64,PC,BASIC,TOTAL,DE,2.298
A,Y18-64,PC,BASIC,TOTAL,DK,1.138
A,Y18-64,PC,BASIC,TOTAL,EA20,2.579
A,Y18-64,PC,BASIC,TOTAL,EE,2.064
A,Y18-64,PC,BASIC,TOTAL,EL,2.496
A,Y18-64,PC,BASIC,TOTAL,ES,2.771
A,Y18-64,PC,BASIC,TOTAL,EU27_2020,2.64
A,Y18-64,PC,BASIC,TOTAL,FI,1.399
A,Y18-64,PC,BASIC,TOTAL,FR,3.34
A,Y18-64,PC,BASIC,TOTAL,HR,2.298
A,Y18-64,PC,BASIC,TOTAL,HU,2.812
A,Y18-64,PC,BASIC,TOTAL,IE,3.772
A,Y18-64,PC,BASIC,TOTAL,IS,0.432
A,Y18-64,PC,BASIC,TOTAL,IT,3.395
A,Y18-64,PC,BASIC,TOTAL,LT,1.776
A,Y18-64,PC,BASIC,TOTAL,LU,0.686
A,Y18-64,PC,BASIC,TOTAL,LV,0.981
A,Y18-64,PC,BASIC,TOTAL,MT,2.695
A,Y18-64,PC,BASIC,TOTAL,NL,1.029
A,Y18-64,PC,BASIC,TOTAL,NO,1.234
A,Y18-64,PC,BASIC,TOTAL,PL,3.477
A,Y18-64,PC,BASIC,TOTAL,PT,3.004
A,Y18-64,PC,BASIC,TOTAL,RO,2.853
A,Y18-64,PC,BASIC,TOTAL,RS,2.202
A,Y18-64,PC,BASIC,TOTAL,SE,1.475
A,Y18-64,PC,BASIC,TOTAL,SI,1.145
A,Y18-64,PC,BASIC,TOTAL,SK,0.953
A,Y18-64,PC,GOOD,DEG1,AT,2.407
A,Y18-64,PC,GOOD,DEG1,BE,2.366
A,Y18-64,PC,GOOD,DEG1,BG,2.38
A,Y18-64,PC,GOOD,DEG1,CY,1.996
A,Y18-64,PC,GOOD,DEG1,CZ,2.229
A,Y18-64,PC,GOOD,DEG1,DE,2.538
A,Y18-64,PC,GOOD,DEG1,DK,1.646
A,Y18-64,PC,GOOD,DEG1,EA20,2.304
A,Y18-64,PC,GOOD,DEG1,EE,1.852
A,Y18-64,PC,GOOD,DEG1,EL,2.414
A,Y18-64,PC,GOOD,DEG1,ES,1.934
A,Y18-64,PC,GOOD,DEG1,EU27_2020,2.263
A,Y18-64,PC,GOOD,DEG1,FI,2.126
A,Y18-64,PC,GOOD,DEG1,FR,1.92
A,Y18-64,PC,GOOD,DEG1,HR,2.963
A,Y18-64,PC,GOOD,DEG1,HU,2.407
A,Y18-64,PC,GOOD,DEG1,IE,1.68
A,Y18-64,PC,GOOD,DEG1,IS,1.811
A,Y18-64,PC,GOOD,DEG1,IT,2.531
A,Y18-64,PC,GOOD,DEG1,LT,2.202
A,Y18-64,PC,GOOD,DEG1,LU,1.324
A,Y18-64,PC,GOOD,DEG1,LV,2.318
A,Y18-64,PC,GOOD,DEG1,MT,1.838
A,Y18-64,PC,GOOD,DEG1,NL,2.757
A,Y18-64,PC,GOOD,DEG1,NO,3.69
A,Y18-64,PC,GOOD,DEG1,PL,2.099
A,Y18-64,PC,GOOD,DEG1,PT,2.003
A,Y18-64,PC,GOOD,DEG1,RO,2.579
A,Y18-64,PC,GOOD,DEG1,RS,2.442
A,Y18-64,PC,GOOD,DEG1,SE,1.447
A,Y18-64,PC,GOOD,DEG1,SI,2.099
A,Y18-64,PC,GOOD,DEG1,SK,2.771
A,Y18-64,PC,GOOD,DEG2,AT,3.025
A,Y18-64,PC,GOOD,DEG2,BE,2.887
A,Y18-64,PC,GOOD,DEG2,BG,1.907
A,Y18-64,PC,GOOD,DEG2,CY,1.927
A,Y18-64,PC,GOOD,DEG2,CZ,2.009
A,Y18-64,PC,GOOD,DEG2,DE,2.455
A,Y18-64,PC,GOOD,DEG2,DK,2.318
A,Y18-64,PC,GOOD,DEG2,EA20,2.325
A,Y18-64,PC,GOOD,DEG2,EE,2.174
A,Y18-64,PC,GOOD,DEG2,EL,2.359
A,Y18-64,PC,GOOD,DEG2,ES,1.763
A,Y18-64,PC,GOOD,DEG2,EU27_2020,2.256
A,Y18-64,PC,GOOD,DEG2,FI,2.634
A,Y18-64,PC,GOOD,DEG2,FR,1.763
A,Y18-64,PC,GOOD,DEG2,HR,2.4
A,Y18-64,PC,GOOD,DEG2,HU,1.955
A,Y18-64,PC,GOOD,DEG2,IE,1.509
A,Y18-64,PC,GOOD,DEG2,IS,2.565
A,Y18-64,PC,GOOD,DEG2,IT,2.394
A,Y18-64,PC,GOOD,DEG2,LT,2.4
A,Y18-64,PC,GOOD,DEG2,LU,1.509
A,Y18-64,PC,GOOD,DEG2,MT,2.085
A,Y18-64,PC,GOOD,DEG2,NL,3.422
A,Y18-64,PC,GOOD,DEG2,NO,3.779
A,Y18-64,PC,GOOD,DEG2,PL,1.66
A,Y18-64,PC,GOOD,DEG2,PT,2.215
A,Y18-64,PC,GOOD,DEG2,RO,2.421
A,Y18-64,PC,GOOD,DEG2,RS,2.387
A,Y18-64,PC,GOOD,DEG2,SE,1.927
A,Y18-64,PC,GOOD,DEG2,SI,2.579
A,Y18-64,PC,GOOD,DEG2,SK,2.853
A,Y18-64,PC,GOOD,DEG3,AT,2.832
A,Y18-64,PC,GOOD,DEG3,BE,2.325
A,Y18-64,PC,GOOD,DEG3,BG,1.982
A,Y18-64,PC,GOOD,DEG3,CY,2.462
A,Y18-64,PC,GOOD,DEG3,CZ,1.845
A,Y18-64,PC,GOOD,DEG3,DE,2.174
A,Y18-64,PC,GOOD,DEG3,DK,2.764
A,Y18-64,PC,GOOD,DEG3,EA20,2.188
A,Y18-64,PC,GOOD,DEG3,EE,2.181
A,Y18-64,PC,GOOD,DEG3,EL,2.236
A,Y18-64,PC,GOOD,DEG3,ES,1.255
A,Y18-64,PC,GOOD,DEG3,EU27_2020,2.092
A,Y18-64,PC,GOOD,DEG3,FI,2.819
A,Y18-64,PC,GOOD,DEG3,FR,1.721
A,Y18-64,PC,GOOD,DEG3,HR,2.311
A,Y18-64,PC,GOOD,DEG3,HU,1.927
A,Y18-64,PC,GOOD,DEG3,IE,1.577
A,Y18-64,PC,GOOD,DEG3,IS,2.826
A,Y18-64,PC,GOOD,DEG3,IT,2.25
A,Y18-64,PC,GOOD,DEG3,LT,2.256
A,Y18-64,PC,GOOD,DEG3,LU,1.241
A,Y18-64,PC,GOOD,DEG3,LV,2.291
A,Y18-64,PC,GOOD,DEG3,MT,2.009
A,Y18-64,PC,GOOD,DEG3,NL,3.361
A,Y18-64,PC,GOOD,DEG3,NO,3.923
A,Y18-64,PC,GOOD,DEG3,PL,1.598
A,Y18-64,PC,GOOD,DEG3,PT,2.037
A,Y18-64,PC,GOOD,DEG3,RO,2.112
A,Y18-64,PC,GOOD,DEG3,RS,2.38
A,Y18-64,PC,GOOD,DEG3,SE,1.817
A,Y18-64,PC,GOOD,DEG3,SI,2.702
A,Y18-64,PC,GOOD,DEG3,SK,3.025
A,Y18-64,PC,GOOD,TOTAL,AT,2.75
A,Y18-64,PC,GOOD,TOTAL,BE,2.64
A,Y18-64,PC,GOOD,TOTAL,BG,2.208
A,Y18-64,PC,GOOD,TOTAL,CY,2.099
A,Y18-64,PC,GOOD,TOTAL,CZ,2.016
A,Y18-64,PC,GOOD,TOTAL,DE,2.442
A,Y18-64,PC,GOOD,TOTAL,DK,2.174
A,Y18-64,PC,GOOD,TOTAL,EA20,2.284
A,Y18-64,PC,GOOD,TOTAL,EE,2.03
A,Y18-64,PC,GOOD,TOTAL,EL,2.352
A,Y18-64,PC,GOOD,TOTAL,ES,1.811
A,Y18-64,PC,GOOD,TOTAL,EU27_2020,2.222
A,Y18-64,PC,GOOD,TOTAL,FI,2.428
A,Y18-64,PC,GOOD,TOTAL,FR,1.824
A,Y18-64,PC,GOOD,TOTAL,HR,2.613
A,Y18-64,PC,GOOD,TOTAL,HU,2.147
A,Y18-64,PC,GOOD,TOTAL,IE,1.598
A,Y18-64,PC,GOOD,TOTAL,IS,2.119
A,Y18-64,PC,GOOD,TOTAL,IT,2.421
A,Y18-64,PC,GOOD,TOTAL,LT,2.25
A,Y18-64,PC,GOOD,TOTAL,LU,1.379
A,Y18-64,PC,GOOD,TOTAL,LV,2.298
A,Y18-64,PC,GOOD,TOTAL,MT,1.961
A,Y18-64,PC,GOOD,TOTAL,NL,3.018
A,Y18-64,PC,GOOD,TOTAL,NO,3.793
A,Y18-64,PC,GOOD,TOTAL,PL,1.811
A,Y18-64,PC,GOOD,TOTAL,PT,2.078
A,Y18-64,PC,GOOD,TOTAL,RO,2.407
A,Y18-64,PC,GOOD,TOTAL,RS,2.407
A,Y18-64,PC,GOOD,TOTAL,SE,1.694
A,Y18-64,PC,GOOD,TOTAL,SI,2.538
A,Y18-64,PC,GOOD,TOTAL,SK,2.894
A,Y18-64,PC,NRP,DEG1,DE,0.089
A,Y18-64,PC,NRP,DEG1,EA20,0.041
A,Y18-64,PC,NRP,DEG1,ES,0.055
A,Y18-64,PC,NRP,DEG1,EU27_2020,0.034
A,Y18-64,PC,NRP,DEG1,IS,0.151
A,Y18-64,PC,NRP,DEG2,DE,0.069
A,Y18-64,PC,NRP,DEG2,EA20,0.027
A,Y18-64,PC,NRP,DEG2,ES,0.041
A,Y18-64,PC,NRP,DEG2,EU27_2020,0.027
A,Y18-64,PC,NRP,DEG2,LU,0.11
A,Y18-64,PC,NRP,DEG3,EA20,0.014
A,Y18-64,PC,NRP,DEG3,EU27_2020,0.021
A,Y18-64,PC,NRP,TOTAL,DE,0.075
A,Y18-64,PC,NRP,TOTAL,DK,0.137
A,Y18-64,PC,NRP,TOTAL,EA20,0.034
A,Y18-64,PC,NRP,TOTAL,ES,0.055
A,Y18-64,PC,NRP,TOTAL,EU27_2020,0.027
A,Y18-64,PC,NRP,TOTAL,FI,0.082
A,Y18-64,PC,NRP,TOTAL,IS,0.165
A,Y18-64,PC,NRP,TOTAL,LU,0.089
A,Y18-64,PC,NRP,TOTAL,PL,0.014
A,Y18-64,PC,NRP,TOTAL,PT,0.027
A,Y18-64,PC,NRP,TOTAL,RS,0.069
A,Y18-64,PC,NRP,TOTAL,SE,0.075
A,Y18-64,PC,PROF,DEG1,AT,3.182
A,Y18-64,PC,PROF,DEG1,BE,2.983
A,Y18-64,PC,PROF,DEG1,BG,2.394
A,Y18-64,PC,PROF,DEG1,CY,3.95
A,Y18-64,PC,PROF,DEG1,CZ,1.721
A,Y18-64,PC,PROF,DEG1,DE,2.558
A,Y18-64,PC,PROF,DEG1,DK,4.321
A,Y18-64,PC,PROF,DEG1,EA20,2.394
A,Y18-64,PC,PROF,DEG1,EE,3.182
A,Y18-64,PC,PROF,DEG1,EL,2.49
A,Y18-64,PC,PROF,DEG1,ES,2.25
A,Y18-64,PC,PROF,DEG1,EU27_2020,2.435
A,Y18-64,PC,PROF,DEG1,FI,3.566
A,Y18-64,PC,PROF,DEG1,FR,2.325
A,Y18-64,PC,PROF,DEG1,HR,2.044
A,Y18-64,PC,PROF,DEG1,HU,2.188
A,Y18-64,PC,PROF,DEG1,IE,1.571
A,Y18-64,PC,PROF,DEG1,IS,4.513
A,Y18-64,PC,PROF,DEG1,IT,1.221
A,Y18-64,PC,PROF,DEG1,LT,3.532
A,Y18-64,PC,PROF,DEG1,LU,4.924
A,Y18-64,PC,PROF,DEG1,LV,3.361
A,Y18-64,PC,PROF,DEG1,MT,2.4
A,Y18-64,PC,PROF,DEG1,NL,3.169
A,Y18-64,PC,PROF,DEG1,NO,2.25
A,Y18-64,PC,PROF,DEG1,PL,2.229
A,Y18-64,PC,PROF,DEG1,PT,1.996
A,Y18-64,PC,PROF,DEG1,RO,2.215
A,Y18-64,PC,PROF,DEG1,RS,2.901
A,Y18-64,PC,PROF,DEG1,SE,4.259
A,Y18-64,PC,PROF,DEG1,SI,3.998
A,Y18-64,PC,PROF,DEG1,SK,3.217
A,Y18-64,PC,PROF,DEG2,AT,1.879
A,Y18-64,PC,PROF,DEG2,BE,2.304
A,Y18-64,PC,PROF,DEG2,BG,1.42
A,Y18-64,PC,PROF,DEG2,CY,3.532
A,Y18-64,PC,PROF,DEG2,CZ,0.919
A,Y18-64,PC,PROF,DEG2,DE,1.907
A,Y18-64,PC,PROF,DEG2,DK,3.031
A,Y18-64,PC,PROF,DEG2,EA20,1.749
A,Y18-64,PC,PROF,DEG2,EE,2.4
A,Y18-64,PC,PROF,DEG2,EL,2.023
A,Y18-64,PC,PROF,DEG2,ES,2.215
A,Y18-64,PC,PROF,DEG2,EU27_2020,1.749
A,Y18-64,PC,PROF,DEG2,FI,2.592
A,Y18-64,PC,PROF,DEG2,FR,1.433
A,Y18-64,PC,PROF,DEG2,HR,1.804
A,Y18-64,PC,PROF,DEG2,HU,1.845
A,Y18-64,PC,PROF,DEG2,IE,1.749
A,Y18-64,PC,PROF,DEG2,IS,3.525
A,Y18-64,PC,PROF,DEG2,IT,0.94
A,Y18-64,PC,PROF,DEG2,LT,2.243
A,Y18-64,PC,PROF,DEG2,LU,4.437
A,Y18-64,PC,PROF,DEG2,MT,2.023
A,Y18-64,PC,PROF,DEG2,NL,2.359
A,Y18-64,PC,PROF,DEG2,NO,1.811
A,Y18-64,PC,PROF,DEG2,PL,1.221
A,Y18-64,PC,PROF,DEG2,PT,1.584
A,Y18-64,PC,PROF,DEG2,RO,1.344
A,Y18-64,PC,PROF,DEG2,RS,2.147
A,Y18-64,PC,PROF,DEG2,SE,3.182
A,Y18-64,PC,PROF,DEG2,SI,3.196
A,Y18-64,PC,PROF,DEG2,SK,3.093
A,Y18-64,PC,PROF,DEG3,AT,1.31
A,Y18-64,PC,PROF,DEG3,BE,1.509
A,Y18-64,PC,PROF,DEG3,BG,1.934
A,Y18-64,PC,PROF,DEG3,CY,2.75
A,Y18-64,PC,PROF,DEG3,CZ,0.754
A,Y18-64,PC,PROF,DEG3,DE,1.125
A,Y18-64,PC,PROF,DEG3,DK,2.538
A,Y18-64,PC,PROF,DEG3,EA20,1.42
A,Y18-64,PC,PROF,DEG3,EE,2.414
A,Y18-64,PC,PROF,DEG3,EL,1.056
A,Y18-64,PC,PROF,DEG3,ES,2.133
A,Y18-64,PC,PROF,DEG3,EU27_2020,1.379
A,Y18-64,PC,PROF,DEG3,FI,2.037
A,Y18-64,PC,PROF,DEG3,FR,0.967
A,Y18-64,PC,PROF,DEG3,HR,1.975
A,Y18-64,PC,PROF,DEG3,HU,1.379
A,Y18-64,PC,PROF,DEG3,IE,1.186
A,Y18-64,PC,PROF,DEG3,IS,3.354
A,Y18-64,PC,PROF,DEG3,IT,0.905
A,Y18-64,PC,PROF,DEG3,LT,2.256
A,Y18-64,PC,PROF,DEG3,LU,4.938
A,Y18-64,PC,PROF,DEG3,LV,3.697
A,Y18-64,PC,PROF,DEG3,MT,1.996
A,Y18-64,PC,PROF,DEG3,NL,2.105
A,Y18-64,PC,PROF,DEG3,NO,1.289
A,Y18-64,PC,PROF,DEG3,PL,1.022
A,Y18-64,PC,PROF,DEG3,PT,1.337
A,Y18-64,PC,PROF,DEG3,RO,0.878
A,Y18-64,PC,PROF,DEG3,RS,1.591
A,Y18-64,PC,PROF,DEG3,SE,2.928
A,Y18-64,PC,PROF,DEG3,SI,2.784
A,Y18-64,PC,PROF,DEG3,SK,2.764
A,Y18-64,PC,PROF,TOTAL,AT,2.105
A,Y18-64,PC,PROF,TOTAL,BE,2.4
A,Y18-64,PC,PROF,TOTAL,BG,2.099
A,Y18-64,PC,PROF,TOTAL,CY,3.546
A,Y18-64,PC,PROF,TOTAL,CZ,1.104
A,Y18-64,PC,PROF,TOTAL,DE,2.051
A,Y18-64,PC,PROF,TOTAL,DK,3.402
A,Y18-64,PC,PROF,TOTAL,EA20,1.961
A,Y18-64,PC,PROF,TOTAL,EE,2.764
A,Y18-64,PC,PROF,TOTAL,EL,2.003
A,Y18-64,PC,PROF,TOTAL,ES,2.229
A,Y18-64,PC,PROF,TOTAL,EU27_2020,1.961
A,Y18-64,PC,PROF,TOTAL,FI,2.956
A,Y18-64,PC,PROF,TOTAL,FR,1.694
A,Y18-64,PC,PROF,TOTAL,HR,1.948
A,Y18-64,PC,PROF,TOTAL,HU,1.893
A,Y18-64,PC,PROF,TOTAL,IE,1.475
A,Y18-64,PC,PROF,TOTAL,IS,4.136
A,Y18-64,PC,PROF,TOTAL,IT,1.042
A,Y18-64,PC,PROF,TOTAL,LT,2.826
A,Y18-64,PC,PROF,TOTAL,LU,4.705
A,Y18-64,PC,PROF,TOTAL,LV,3.573
A,Y18-64,PC,PROF,TOTAL,MT,2.202
A,Y18-64,PC,PROF,TOTAL,NL,2.771
A,Y18-64,PC,PROF,TOTAL,NO,1.797
A,Y18-64,PC,PROF,TOTAL,PL,1.557
A,Y18-64,PC,PROF,TOTAL,PT,1.749
A,Y18-64,PC,PROF,TOTAL,RO,1.598
A,Y18-64,PC,PROF,TOTAL,RS,2.256
A,Y18-64,PC,PROF,TOTAL,SE,3.614
A,Y18-64,PC,PROF,TOTAL,SI,3.175
A,Y18-64,PC,PROF,TOTAL,SK,3.011
A,Y18-69,PC,BASIC,DEG1,AT,1.31
A,Y18-69,PC,BASIC,DEG1,BE,1.564
A,Y18-69,PC,BASIC,DEG1,BG,2.071
A,Y18-69,PC,BASIC,DEG1,CY,0.967
A,Y18-69,PC,BASIC,DEG1,CZ,3.031
A,Y18-69,PC,BASIC,DEG1,DE,1.797
A,Y18-69,PC,BASIC,DEG1,DK,0.809
A,Y18-69,PC,BASIC,DEG1,EA20,2.202
A,Y18-69,PC,BASIC,DEG1,EE,1.948
A,Y18-69,PC,BASIC,DEG1,EL,2.071
A,Y18-69,PC,BASIC,DEG1,ES,2.661
A,Y18-69,PC,BASIC,DEG1,EU27_2020,2.202
A,Y18-69,PC,BASIC,DEG1,FI,1.159
A,Y18-69,PC,BASIC,DEG1,FR,2.688
A,Y18-69,PC,BASIC,DEG1,HR,1.955
A,Y18-69,PC,BASIC,DEG1,HU,2.339
A,Y18-69,PC,BASIC,DEG1,IE,3.628
A,Y18-69,PC,BASIC,DEG1,IS,0.384
A,Y18-69,PC,BASIC,DEG1,IT,3.203
A,Y18-69,PC,BASIC,DEG1,LT,1.173
A,Y18-69,PC,BASIC,DEG1,LU,0.569
A,Y18-69,PC,BASIC,DEG1,LV,1.296
A,Y18-69,PC,BASIC,DEG1,MT,2.627
A,Y18-69,PC,BASIC,DEG1,NL,0.885
A,Y18-69,PC,BASIC,DEG1,NO,0.912
A,Y18-69,PC,BASIC,DEG1,PL,2.668
A,Y18-69,PC,BASIC,DEG1,PT,2.915
A,Y18-69,PC,BASIC,DEG1,RO,2.105
A,Y18-69,PC,BASIC,DEG1,RS,1.68
A,Y18-69,PC,BASIC,DEG1,SE,1.152
A,Y18-69,PC,BASIC,DEG1,SI,0.816
A,Y18-69,PC,BASIC,DEG1,SK,0.946
A,Y18-69,PC,BASIC,DEG2,AT,2.044
A,Y18-69,PC,BASIC,DEG2,BE,1.776
A,Y18-69,PC,BASIC,DEG2,BG,3.546
A,Y18-69,PC,BASIC,DEG2,CY,1.468
A,Y18-69,PC,BASIC,DEG2,CZ,4.012
A,Y18-69,PC,BASIC,DEG2,DE,2.579
A,Y18-69,PC,BASIC,DEG2,DK,1.324
A,Y18-69,PC,BASIC,DEG2,EA20,2.839
A,Y18-69,PC,BASIC,DEG2,EE,2.298
A,Y18-69,PC,BASIC,DEG2,EL,2.517
A,Y18-69,PC,BASIC,DEG2,ES,2.853
A,Y18-69,PC,BASIC,DEG2,EU27_2020,2.908
A,Y18-69,PC,BASIC,DEG2,FI,1.653
A,Y18-69,PC,BASIC,DEG2,FR,3.676
A,Y18-69,PC,BASIC,DEG2,HR,2.73
A,Y18-69,PC,BASIC,DEG2,HU,3.134
A,Y18-69,PC,BASIC,DEG2,IE,3.669
A,Y18-69,PC,BASIC,DEG2,IS,0.569
A,Y18-69,PC,BASIC,DEG2,IT,3.621
A,Y18-69,PC,BASIC,DEG2,LT,2.195
A,Y18-69,PC,BASIC,DEG2,LU,0.796
A,Y18-69,PC,BASIC,DEG2,MT,2.805
A,Y18-69,PC,BASIC,DEG2,NL,1.145
A,Y18-69,PC,BASIC,DEG2,NO,1.303
A,Y18-69,PC,BASIC,DEG2,PL,4.115
A,Y18-69,PC,BASIC,DEG2,PT,3.127
A,Y18-69,PC,BASIC,DEG2,RO,3.155
A,Y18-69,PC,BASIC,DEG2,RS,2.435
A,Y18-69,PC,BASIC,DEG2,SE,1.817
A,Y18-69,PC,BASIC,DEG2,SI,1.118
A,Y18-69,PC,BASIC,DEG2,SK,0.94
A,Y18-69,PC,BASIC,DEG3,AT,2.771
A,Y18-69,PC,BASIC,DEG3,BE,3.004
A,Y18-69,PC,BASIC,DEG3,BG,3.107
A,Y18-69,PC,BASIC,DEG3,CY,1.694
A,Y18-69,PC,BASIC,DEG3,CZ,4.341
A,Y18-69,PC,BASIC,DEG3,DE,3.511
A,Y18-69,PC,BASIC,DEG3,DK,1.564
A,Y18-69,PC,BASIC,DEG3,EA20,3.271
A,Y18-69,PC,BASIC,DEG3,EE,2.298
A,Y18-69,PC,BASIC,DEG3,EL,3.594
A,Y18-69,PC,BASIC,DEG3,ES,3.374
A,Y18-69,PC,BASIC,DEG3,EU27_2020,3.415
A,Y18-69,PC,BASIC,DEG3,FI,2.126
A,Y18-69,PC,BASIC,DEG3,FR,4.218
A,Y18-69,PC,BASIC,DEG3,HR,2.716
A,Y18-69,PC,BASIC,DEG3,HU,3.601
A,Y18-69,PC,BASIC,DEG3,IE,4.136
A,Y18-69,PC,BASIC,DEG3,IS,0.59
A,Y18-69,PC,BASIC,DEG3,IT,3.786
A,Y18-69,PC,BASIC,DEG3,LT,2.339
A,Y18-69,PC,BASIC,DEG3,LU,0.665
A,Y18-69,PC,BASIC,DEG3,LV,0.905
A,Y18-69,PC,BASIC,DEG3,MT,2.812
A,Y18-69,PC,BASIC,DEG3,NL,1.461
A,Y18-69,PC,BASIC,DEG3,NO,1.701
A,Y18-69,PC,BASIC,DEG3,PL,4.341
A,Y18-69,PC,BASIC,DEG3,PT,3.532
A,Y18-69,PC,BASIC,DEG3,RO,3.896
A,Y18-69,PC,BASIC,DEG3,RS,2.99
A,Y18-69,PC,BASIC,DEG3,SE,2.407
A,Y18-69,PC,BASIC,DEG3,SI,1.392
A,Y18-69,PC,BASIC,DEG3,SK,1.104
A,Y18-69,PC,BASIC,TOTAL,AT,2.057
A,Y18-69,PC,BASIC,TOTAL,BE,1.886
A,Y18-69,PC,BASIC,TOTAL,BG,2.579
A,Y18-69,PC,BASIC,TOTAL,CY,1.262
A,Y18-69,PC,BASIC,TOTAL,CZ,3.834
A,Y18-69,PC,BASIC,TOTAL,DE,2.407
A,Y18-69,PC,BASIC,TOTAL,DK,1.193
A,Y18-69,PC,BASIC,TOTAL,EA20,2.654
A,Y18-69,PC,BASIC,TOTAL,EE,2.14
A,Y18-69,PC,BASIC,TOTAL,EL,2.565
A,Y18-69,PC,BASIC,TOTAL,ES,2.791
A,Y18-69,PC,BASIC,TOTAL,EU27_2020,2.723
A,Y18-69,PC,BASIC,TOTAL,FI,1.516
A,Y18-69,PC,BASIC,TOTAL,FR,3.402
A,Y18-69,PC,BASIC,TOTAL,HR,2.4
A,Y18-69,PC,BASIC,TOTAL,HU,2.88
A,Y18-69,PC,BASIC,TOTAL,IE,3.827
A,Y18-69,PC,BASIC,TOTAL,IS,0.453
A,Y18-69,PC,BASIC,TOTAL,IT,3.491
A,Y18-69,PC,BASIC,TOTAL,LT,1.797
A,Y18-69,PC,BASIC,TOTAL,LU,0.706
A,Y18-69,PC,BASIC,TOTAL,LV,1.049
A,Y18-69,PC,BASIC,TOTAL,MT,2.723
A,Y18-69,PC,BASIC,TOTAL,NL,1.077
A,Y18-69,PC,BASIC,TOTAL,NO,1.303
A,Y18-69,PC,BASIC,TOTAL,PL,3.614
A,Y18-69,PC,BASIC,TOTAL,PT,3.093
A,Y18-69,PC,BASIC,TOTAL,RO,2.901
A,Y18-69,PC,BASIC,TOTAL,RS,2.332
A,Y18-69,PC,BASIC,TOTAL,SE,1.632
A,Y18-69,PC,BASIC,TOTAL,SI,1.18
A,Y18-69,PC,BASIC,TOTAL,SK,1.001
A,Y18-69,PC,GOOD,DEG1,AT,2.462
A,Y18-69,PC,GOOD,DEG1,BE,2.38
A,Y18-69,PC,GOOD,DEG1,BG,2.469
A,Y18-69,PC,GOOD,DEG1,CY,2.003
A,Y18-69,PC,GOOD,DEG1,CZ,2.167
A,Y18-69,PC,GOOD,DEG1,DE,2.496
A,Y18-69,PC,GOOD,DEG1,DK,1.728
A,Y18-69,PC,GOOD,DEG1,EA20,2.284
A,Y18-69,PC,GOOD,DEG1,EE,1.865
A,Y18-69,PC,GOOD,DEG1,EL,2.373
A,Y18-69,PC,GOOD,DEG1,ES,1.913
A,Y18-69,PC,GOOD,DEG1,EU27_2020,2.25
A,Y18-69,PC,GOOD,DEG1,FI,2.188
A,Y18-69,PC,GOOD,DEG1,FR,1.893
A,Y18-69,PC,GOOD,DEG1,HR,2.901
A,Y18-69,PC,GOOD,DEG1,HU,2.38
A,Y18-69,PC,GOOD,DEG1,IE,1.66
A,Y18-69,PC,GOOD,DEG1,IS,1.934
A,Y18-69,PC,GOOD,DEG1,IT,2.469
A,Y18-69,PC,GOOD,DEG1,LT,2.188
A,Y18-69,PC,GOOD,DEG1,LU,1.344
A,Y18-69,PC,GOOD,DEG1,LV,2.318
A,Y18-69,PC,GOOD,DEG1,MT,1.845
A,Y18-69,PC,GOOD,DEG1,NL,2.832
A,Y18-69,PC,GOOD,DEG1,NO,3.779
A,Y18-69,PC,GOOD,DEG1,PL,2.057
A,Y18-69,PC,GOOD,DEG1,PT,1.996
A,Y18-69,PC,GOOD,DEG1,RO,2.579
A,Y18-69,PC,GOOD,DEG1,RS,2.414
A,Y18-69,PC,GOOD,DEG1,SE,1.509
A,Y18-69,PC,GOOD,DEG1,SI,2.14
A,Y18-69,PC,GOOD,DEG1,SK,2.743
A,Y18-69,PC,GOOD,DEG2,AT,2.99
A,Y18-69,PC,GOOD,DEG2,BE,2.846
A,Y18-69,PC,GOOD,DEG2,BG,1.961
A,Y18-69,PC,GOOD,DEG2,CY,1.961
A,Y18-69,PC,GOOD,DEG2,CZ,1.961
A,Y18-69,PC,GOOD,DEG2,DE,2.394
A,Y18-69,PC,GOOD,DEG2,DK,2.4
A,Y18-69,PC,GOOD,DEG2,EA20,2.284
A,Y18-69,PC,GOOD,DEG2,EE,2.174
A,Y18-69,PC,GOOD,DEG2,EL,2.346
A,Y18-69,PC,GOOD,DEG2,ES,1.701
A,Y18-69,PC,GOOD,DEG2,EU27_2020,2.215
A,Y18-69,PC,GOOD,DEG2,FI,2.682
A,Y18-69,PC,GOOD,DEG2,FR,1.756
A,Y18-69,PC,GOOD,DEG2,HR,2.311
A,Y18-69,PC,GOOD,DEG2,HU,1.92
A,Y18-69,PC,GOOD,DEG2,IE,1.509
A,Y18-69,PC,GOOD,DEG2,IS,2.846
A,Y18-69,PC,GOOD,DEG2,IT,2.325
A,Y18-69,PC,GOOD,DEG2,LT,2.394
A,Y18-69,PC,GOOD,DEG2,LU,1.488
A,Y18-69,PC,GOOD,DEG2,MT,2.092
A,Y18-69,PC,GOOD,DEG2,NL,3.45
A,Y18-69,PC,GOOD,DEG2,NO,3.813
A,Y18-69,PC,GOOD,DEG2,PL,1.584
A,Y18-69,PC,GOOD,DEG2,PT,2.174
A,Y18-69,PC,GOOD,DEG2,RO,2.387
A,Y18-69,PC,GOOD,DEG2,RS,2.373
A,Y18-69,PC,GOOD,DEG2,SE,1.927
A,Y18-69,PC,GOOD,DEG2,SI,2.606
A,Y18-69,PC,GOOD,DEG2,SK,2.894
A,Y18-69,PC,GOOD,DEG3,AT,2.791
A,Y18-69,PC,GOOD,DEG3,BE,2.339
A,Y18-69,PC,GOOD,DEG3,BG,1.872
A,Y18-69,PC,GOOD,DEG3,CY,2.448
A,Y18-69,PC,GOOD,DEG3,CZ,1.797
A,Y18-69,PC,GOOD,DEG3,DE,2.181
A,Y18-69,PC,GOOD,DEG3,DK,2.791
A,Y18-69,PC,GOOD,DEG3,EA20,2.167
A,Y18-69,PC,GOOD,DEG3,EE,2.222
A,Y18-69,PC,GOOD,DEG3,EL,2.229
A,Y18-69,PC,GOOD,DEG3,ES,1.255
A,Y18-69,PC,GOOD,DEG3,EU27_2020,2.064
A,Y18-69,PC,GOOD,DEG3,FI,2.73
A,Y18-69,PC,GOOD,DEG3,FR,1.673
A,Y18-69,PC,GOOD,DEG3,HR,2.236
A,Y18-69,PC,GOOD,DEG3,HU,1.893
A,Y18-69,PC,GOOD,DEG3,IE,1.529
A,Y18-69,PC,GOOD,DEG3,IS,2.874
A,Y18-69,PC,GOOD,DEG3,IT,2.188
A,Y18-69,PC,GOOD,DEG3,LT,2.256
A,Y18-69,PC,GOOD,DEG3,LU,1.228
A,Y18-69,PC,GOOD,DEG3,LV,2.263
A,Y18-69,PC,GOOD,DEG3,MT,2.195
A,Y18-69,PC,GOOD,DEG3,NL,3.347
A,Y18-69,PC,GOOD,DEG3,NO,3.916
A,Y18-69,PC,GOOD,DEG3,PL,1.536
A,Y18-69,PC,GOOD,DEG3,PT,1.989
A,Y18-69,PC,GOOD,DEG3,RO,2.092
A,Y18-69,PC,GOOD,DEG3,RS,2.332
A,Y18-69,PC,GOOD,DEG3,SE,1.708
A,Y18-69,PC,GOOD,DEG3,SI,2.702
A,Y18-69,PC,GOOD,DEG3,SK,3.073
A,Y18-69,PC,GOOD,TOTAL,AT,2.743
A,Y18-69,PC,GOOD,TOTAL,BE,2.634
A,Y18-69,PC,GOOD,TOTAL,BG,2.256
A,Y18-69,PC,GOOD,TOTAL,CY,2.105
A,Y18-69,PC,GOOD,TOTAL,CZ,1.961
A,Y18-69,PC,GOOD,TOTAL,DE,2.4
A,Y18-69,PC,GOOD,TOTAL,DK,2.25
A,Y18-69,PC,GOOD,TOTAL,EA20,2.256
A,Y18-69,PC,GOOD,TOTAL,EE,2.051
A,Y18-69,PC,GOOD,TOTAL,EL,2.332
A,Y18-69,PC,GOOD,TOTAL,ES,1.783
A,Y18-69,PC,GOOD,TOTAL,EU27_2020,2.195
A,Y18-69,PC,GOOD,TOTAL,FI,2.455
A,Y18-69,PC,GOOD,TOTAL,FR,1.79
A,Y18-69,PC,GOOD,TOTAL,HR,2.538
A,Y18-69,PC,GOOD,TOTAL,HU,2.119
A,Y18-69,PC,GOOD,TOTAL,IE,1.571
A,Y18-69,PC,GOOD,TOTAL,IS,2.256
A,Y18-69,PC,GOOD,TOTAL,IT,2.359
A,Y18-69,PC,GOOD,TOTAL,LT,2.243
A,Y18-69,PC,GOOD,TOTAL,LU,1.365
A,Y18-69,PC,GOOD,TOTAL,LV,2.284
A,Y18-69,PC,GOOD,TOTAL,MT,1.975
A,Y18-69,PC,GOOD,TOTAL,NL,3.066
A,Y18-69,PC,GOOD,TOTAL,NO,3.834
A,Y18-69,PC,GOOD,TOTAL,PL,1.756
A,Y18-69,PC,GOOD,TOTAL,PT,2.051
A,Y18-69,PC,GOOD,TOTAL,RO,2.387
A,Y18-69,PC,GOOD,TOTAL,RS,2.373
A,Y18-69,PC,GOOD,TOTAL,SE,1.708
A,Y18-69,PC,GOOD,TOTAL,SI,2.558
A,Y18-69,PC,GOOD,TOTAL,SK,2.915
A,Y18-69,PC,NRP,DEG1,DE,0.089
A,Y18-69,PC,NRP,DEG1,EA20,0.041
A,Y18-69,PC,NRP,DEG1,ES,0.055
A,Y18-69,PC,NRP,DEG1,EU27_2020,0.034
A,Y18-69,PC,NRP,DEG1,IS,0.158
A,Y18-69,PC,NRP,DEG1,SE,0.082
A,Y18-69,PC,NRP,DEG2,DE,0.062
A,Y18-69,PC,NRP,DEG2,EA20,0.027
A,Y18-69,PC,NRP,DEG2,ES,0.048
A,Y18-69,PC,NRP,DEG2,EU27_2020,0.027
A,Y18-69,PC,NRP,DEG2,LU,0.117
A,Y18-69,PC,NRP,DEG2,RS,0.089
A,Y18-69,PC,NRP,DEG3,EA20,0.014
A,Y18-69,PC,NRP,DEG3,EU27_2020,0.021
A,Y18-69,PC,NRP,DEG3,RS,0.117
A,Y18-69,PC,NRP,TOTAL,DE,0.069
A,Y18-69,PC,NRP,TOTAL,DK,0.151
A,Y18-69,PC,NRP,TOTAL,EA20,0.034
A,Y18-69,PC,NRP,TOTAL,ES,0.055
A,Y18-69,PC,NRP,TOTAL,EU27_2020,0.027
A,Y18-69,PC,NRP,TOTAL,FI,0.082
A,Y18-69,PC,NRP,TOTAL,IS,0.165
A,Y18-69,PC,NRP,TOTAL,LU,0.096
A,Y18-69,PC,NRP,TOTAL,PL,0.014
A,Y18-69,PC,NRP,TOTAL,PT,0.027
A,Y18-69,PC,NRP,TOTAL,RS,0.075
A,Y18-69,PC,NRP,TOTAL,SE,0.075
A,Y18-69,PC,PROF,DEG1,AT,3.073
A,Y18-69,PC,PROF,DEG1,BE,2.915
A,Y18-69,PC,PROF,DEG1,BG,2.318
A,Y18-69,PC,PROF,DEG1,CY,3.889
A,Y18-69,PC,PROF,DEG1,CZ,1.66
A,Y18-69,PC,PROF,DEG1,DE,2.476
A,Y18-69,PC,PROF,DEG1,DK,4.177
A,Y18-69,PC,PROF,DEG1,EA20,2.332
A,Y18-69,PC,PROF,DEG1,EE,3.045
A,Y18-69,PC,PROF,DEG1,EL,2.414
A,Y18-69,PC,PROF,DEG1,ES,2.229
A,Y18-69,PC,PROF,DEG1,EU27_2020,2.373
A,Y18-69,PC,PROF,DEG1,FI,3.436
A,Y18-69,PC,PROF,DEG1,FR,2.277
A,Y18-69,PC,PROF,DEG1,HR,2.003
A,Y18-69,PC,PROF,DEG1,HU,2.14
A,Y18-69,PC,PROF,DEG1,IE,1.536
A,Y18-69,PC,PROF,DEG1,IS,4.389
A,Y18-69,PC,PROF,DEG1,IT,1.186
A,Y18-69,PC,PROF,DEG1,LT,3.498
A,Y18-69,PC,PROF,DEG1,LU,4.869
A,Y18-69,PC,PROF,DEG1,LV,3.237
A,Y18-69,PC,PROF,DEG1,MT,2.387
A,Y18-69,PC,PROF,DEG1,NL,3.073
A,Y18-69,PC,PROF,DEG1,NO,2.147
A,Y18-69,PC,PROF,DEG1,PL,2.126
A,Y18-69,PC,PROF,DEG1,PT,1.92
A,Y18-69,PC,PROF,DEG1,RO,2.174
A,Y18-69,PC,PROF,DEG1,RS,2.764
A,Y18-69,PC,PROF,DEG1,SE,4.108
A,Y18-69,PC,PROF,DEG1,SI,3.902
A,Y18-69,PC,PROF,DEG1,SK,3.175
A,Y18-69,PC,PROF,DEG2,AT,1.824
A,Y18-69,PC,PROF,DEG2,BE,2.236
A,Y18-69,PC,PROF,DEG2,BG,1.351
A,Y18-69,PC,PROF,DEG2,CY,3.429
A,Y18-69,PC,PROF,DEG2,CZ,0.885
A,Y18-69,PC,PROF,DEG2,DE,1.824
A,Y18-69,PC,PROF,DEG2,DK,2.928
A,Y18-69,PC,PROF,DEG2,EA20,1.708
A,Y18-69,PC,PROF,DEG2,EE,2.394
A,Y18-69,PC,PROF,DEG2,EL,1.989
A,Y18-69,PC,PROF,DEG2,ES,2.25
A,Y18-69,PC,PROF,DEG2,EU27_2020,1.701
A,Y18-69,PC,PROF,DEG2,FI,2.455
A,Y18-69,PC,PROF,DEG2,FR,1.42
A,Y18-69,PC,PROF,DEG2,HR,1.804
A,Y18-69,PC,PROF,DEG2,HU,1.797
A,Y18-69,PC,PROF,DEG2,IE,1.673
A,Y18-69,PC,PROF,DEG2,IS,3.292
A,Y18-69,PC,PROF,DEG2,IT,0.905
A,Y18-69,PC,PROF,DEG2,LT,2.27
A,Y18-69,PC,PROF,DEG2,LU,4.458
A,Y18-69,PC,PROF,DEG2,MT,1.961
A,Y18-69,PC,PROF,DEG2,NL,2.263
A,Y18-69,PC,PROF,DEG2,NO,1.715
A,Y18-69,PC,PROF,DEG2,PL,1.145
A,Y18-69,PC,PROF,DEG2,PT,1.529
A,Y18-69,PC,PROF,DEG2,RO,1.317
A,Y18-69,PC,PROF,DEG2,RS,2.051
A,Y18-69,PC,PROF,DEG2,SE,3.052
A,Y18-69,PC,PROF,DEG2,SI,3.134
A,Y18-69,PC,PROF,DEG2,SK,3.025
A,Y18-69,PC,PROF,DEG3,AT,1.289
A,Y18-69,PC,PROF,DEG3,BE,1.516
A,Y18-69,PC,PROF,DEG3,BG,1.879
A,Y18-69,PC,PROF,DEG3,CY,2.716
A,Y18-69,PC,PROF,DEG3,CZ,0.72
A,Y18-69,PC,PROF,DEG3,DE,1.132
A,Y18-69,PC,PROF,DEG3,DK,2.407
A,Y18-69,PC,PROF,DEG3,EA20,1.413
A,Y18-69,PC,PROF,DEG3,EE,2.332
A,Y18-69,PC,PROF,DEG3,EL,1.036
A,Y18-69,PC,PROF,DEG3,ES,2.167
A,Y18-69,PC,PROF,DEG3,EU27_2020,1.358
A,Y18-69,PC,PROF,DEG3,FI,1.886
A,Y18-69,PC,PROF,DEG3,FR,0.967
A,Y18-69,PC,PROF,DEG3,HR,1.907
A,Y18-69,PC,PROF,DEG3,HU,1.358
A,Y18-69,PC,PROF,DEG3,IE,1.193
A,Y18-69,PC,PROF,DEG3,IS,3.182
A,Y18-69,PC,PROF,DEG3,IT,0.885
A,Y18-69,PC,PROF,DEG3,LT,2.263
A,Y18-69,PC,PROF,DEG3,LU,4.897
A,Y18-69,PC,PROF,DEG3,LV,3.683
A,Y18-69,PC,PROF,DEG3,MT,1.852
A,Y18-69,PC,PROF,DEG3,NL,2.037
A,Y18-69,PC,PROF,DEG3,NO,1.2
A,Y18-69,PC,PROF,DEG3,PL,0.96
A,Y18-69,PC,PROF,DEG3,PT,1.289
A,Y18-69,PC,PROF,DEG3,RO,0.871
A,Y18-69,PC,PROF,DEG3,RS,1.536
A,Y18-69,PC,PROF,DEG3,SE,2.647
A,Y18-69,PC,PROF,DEG3,SI,2.764
A,Y18-69,PC,PROF,DEG3,SK,2.682
A,Y18-69,PC,PROF,TOTAL,AT,2.051
A,Y18-69,PC,PROF,TOTAL,BE,2.339
A,Y18-69,PC,PROF,TOTAL,BG,2.03
A,Y18-69,PC,PROF,TOTAL,CY,3.484
A,Y18-69,PC,PROF,TOTAL,CZ,1.063
A,Y18-69,PC,PROF,TOTAL,DE,1.975
A,Y18-69,PC,PROF,TOTAL,DK,3.271
A,Y18-69,PC,PROF,TOTAL,EA20,1.92
A,Y18-69,PC,PROF,TOTAL,EE,2.668
A,Y18-69,PC,PROF,TOTAL,EL,1.961
A,Y18-69,PC,PROF,TOTAL,ES,2.229
A,Y18-69,PC,PROF,TOTAL,EU27_2020,1.913
A,Y18-69,PC,PROF,TOTAL,FI,2.805
A,Y18-69,PC,PROF,TOTAL,FR,1.667
A,Y18-69,PC,PROF,TOTAL,HR,1.913
A,Y18-69,PC,PROF,TOTAL,HU,1.852
A,Y18-69,PC,PROF,TOTAL,IE,1.447
A,Y18-69,PC,PROF,TOTAL,IS,3.978
A,Y18-69,PC,PROF,TOTAL,IT,1.008
A,Y18-69,PC,PROF,TOTAL,LT,2.819
A,Y18-69,PC,PROF,TOTAL,LU,4.691
A,Y18-69,PC,PROF,TOTAL,LV,3.518
A,Y18-69,PC,PROF,TOTAL,MT,2.16
A,Y18-69,PC,PROF,TOTAL,NL,2.675
A,Y18-69,PC,PROF,TOTAL,NO,1.694
A,Y18-69,PC,PROF,TOTAL,PL,1.475
A,Y18-69,PC,PROF,TOTAL,PT,1.687
A,Y18-69,PC,PROF,TOTAL,RO,1.571
A,Y18-69,PC,PROF,TOTAL,RS,2.154
A,Y18-69,PC,PROF,TOTAL,SE,3.443
A,Y18-69,PC,PROF,TOTAL,SI,3.121
A,Y18-69,PC,PROF,TOTAL,SK,2.949
A,Y25-64,PC,BASIC,DEG1,AT,1.365
A,Y25-64,PC,BASIC,DEG1,BE,1.516
A,Y25-64,PC,BASIC,DEG1,BG,2.291
A,Y25-64,PC,BASIC,DEG1,CY,0.981
A,Y25-64,PC,BASIC,DEG1,CZ,3.059
A,Y25-64,PC,BASIC,DEG1,DE,1.783
A,Y25-64,PC,BASIC,DEG1,DK,0.823
A,Y25-64,PC,BASIC,DEG1,EA20,2.243
A,Y25-64,PC,BASIC,DEG1,EE,1.927
A,Y25-64,PC,BASIC,DEG1,EL,2.099
A,Y25-64,PC,BASIC,DEG1,ES,2.743
A,Y25-64,PC,BASIC,DEG1,EU27_2020,2.243
A,Y25-64,PC,BASIC,DEG1,FI,1.132
A,Y25-64,PC,BASIC,DEG1,FR,2.757
A,Y25-64,PC,BASIC,DEG1,HR,2.009
A,Y25-64,PC,BASIC,DEG1,HU,2.414
A,Y25-64,PC,BASIC,DEG1,IE,3.635
A,Y25-64,PC,BASIC,DEG1,IS,0.405
A,Y25-64,PC,BASIC,DEG1,IT,3.326
A,Y25-64,PC,BASIC,DEG1,LT,1.159
A,Y25-64,PC,BASIC,DEG1,LU,0.549
A,Y25-64,PC,BASIC,DEG1,LV,1.234
A,Y25-64,PC,BASIC,DEG1,MT,2.538
A,Y25-64,PC,BASIC,DEG1,NL,0.919
A,Y25-64,PC,BASIC,DEG1,NO,0.96
A,Y25-64,PC,BASIC,DEG1,PL,2.654
A,Y25-64,PC,BASIC,DEG1,PT,2.997
A,Y25-64,PC,BASIC,DEG1,RO,2.215
A,Y25-64,PC,BASIC,DEG1,RS,1.646
A,Y25-64,PC,BASIC,DEG1,SE,1.145
A,Y25-64,PC,BASIC,DEG1,SI,0.802
A,Y25-64,PC,BASIC,DEG1,SK,0.892
A,Y25-64,PC,BASIC,DEG2,AT,2.078
A,Y25-64,PC,BASIC,DEG2,BE,1.715
A,Y25-64,PC,BASIC,DEG2,BG,3.607
A,Y25-64,PC,BASIC,DEG2,CY,1.481
A,Y25-64,PC,BASIC,DEG2,CZ,4.177
A,Y25-64,PC,BASIC,DEG2,DE,2.606
A,Y25-64,PC,BASIC,DEG2,DK,1.337
A,Y25-64,PC,BASIC,DEG2,EA20,2.894
A,Y25-64,PC,BASIC,DEG2,EE,2.346
A,Y25-64,PC,BASIC,DEG2,EL,2.647
A,Y25-64,PC,BASIC,DEG2,ES,2.88
A,Y25-64,PC,BASIC,DEG2,EU27_2020,2.97
A,Y25-64,PC,BASIC,DEG2,FI,1.687
A,Y25-64,PC,BASIC,DEG2,FR,3.703
A,Y25-64,PC,BASIC,DEG2,HR,2.839
A,Y25-64,PC,BASIC,DEG2,HU,3.217
A,Y25-64,PC,BASIC,DEG2,IE,3.587
A,Y25-64,PC,BASIC,DEG2,IT,3.82
A,Y25-64,PC,BASIC,DEG2,LT,2.243
A,Y25-64,PC,BASIC,DEG2,LU,0.83
A,Y25-64,PC,BASIC,DEG2,MT,2.709
A,Y25-64,PC,BASIC,DEG2,NL,1.097
A,Y25-64,PC,BASIC,DEG2,NO,1.276
A,Y25-64,PC,BASIC,DEG2,PL,4.108
A,Y25-64,PC,BASIC,DEG2,PT,3.203
A,Y25-64,PC,BASIC,DEG2,RO,3.285
A,Y25-64,PC,BASIC,DEG2,RS,2.462
A,Y25-64,PC,BASIC,DEG2,SE,1.811
A,Y25-64,PC,BASIC,DEG2,SI,1.125
A,Y25-64,PC,BASIC,DEG2,SK,0.967
A,Y25-64,PC,BASIC,DEG3,AT,2.901
A,Y25-64,PC,BASIC,DEG3,BE,3.011
A,Y25-64,PC,BASIC,DEG3,BG,3.093
A,Y25-64,PC,BASIC,DEG3,CY,1.811
A,Y25-64,PC,BASIC,DEG3,CZ,4.581
A,Y25-64,PC,BASIC,DEG3,DE,3.779
A,Y25-64,PC,BASIC,DEG3,DK,1.502
A,Y25-64,PC,BASIC,DEG3,EA20,3.374
A,Y25-64,PC,BASIC,DEG3,EE,2.318
A,Y25-64,PC,BASIC,DEG3,EL,3.717
A,Y25-64,PC,BASIC,DEG3,ES,3.47
A,Y25-64,PC,BASIC,DEG3,EU27_2020,3.518
A,Y25-64,PC,BASIC,DEG3,FI,2.071
A,Y25-64,PC,BASIC,DEG3,FR,4.252
A,Y25-64,PC,BASIC,DEG3,HR,2.771
A,Y25-64,PC,BASIC,DEG3,HU,3.751
A,Y25-64,PC,BASIC,DEG3,IE,4.177
A,Y25-64,PC,BASIC,DEG3,IT,3.957
A,Y25-64,PC,BASIC,DEG3,LT,2.256
A,Y25-64,PC,BASIC,DEG3,LU,0.61
A,Y25-64,PC,BASIC,DEG3,LV,0.898
A,Y25-64,PC,BASIC,DEG3,MT,2.634
A,Y25-64,PC,BASIC,DEG3,NL,1.392
A,Y25-64,PC,BASIC,DEG3,NO,1.673
A,Y25-64,PC,BASIC,DEG3,PL,4.458
A,Y25-64,PC,BASIC,DEG3,PT,3.69
A,Y25-64,PC,BASIC,DEG3,RO,4.108
A,Y25-64,PC,BASIC,DEG3,RS,3.127
A,Y25-64,PC,BASIC,DEG3,SE,2.16
A,Y25-64,PC,BASIC,DEG3,SI,1.427
A,Y25-64,PC,BASIC,DEG3,SK,1.077
A,Y25-64,PC,BASIC,TOTAL,AT,2.133
A,Y25-64,PC,BASIC,TOTAL,BE,1.831
A,Y25-64,PC,BASIC,TOTAL,BG,2.736
A,Y25-64,PC,BASIC,TOTAL,CY,1.303
A,Y25-64,PC,BASIC,TOTAL,CZ,3.978
A,Y25-64,PC,BASIC,TOTAL,DE,2.462
A,Y25-64,PC,BASIC,TOTAL,DK,1.186
A,Y25-64,PC,BASIC,TOTAL,EA20,2.716
A,Y25-64,PC,BASIC,TOTAL,EE,2.147
A,Y25-64,PC,BASIC,TOTAL,EL,2.654
A,Y25-64,PC,BASIC,TOTAL,ES,2.86
A,Y25-64,PC,BASIC,TOTAL,EU27_2020,2.778
A,Y25-64,PC,BASIC,TOTAL,FI,1.509
A,Y25-64,PC,BASIC,TOTAL,FR,3.463
A,Y25-64,PC,BASIC,TOTAL,HR,2.476
A,Y25-64,PC,BASIC,TOTAL,HU,2.97
A,Y25-64,PC,BASIC,TOTAL,IE,3.82
A,Y25-64,PC,BASIC,TOTAL,IS,0.453
A,Y25-64,PC,BASIC,TOTAL,IT,3.655
A,Y25-64,PC,BASIC,TOTAL,LT,1.756
A,Y25-64,PC,BASIC,TOTAL,LU,0.7
A,Y25-64,PC,BASIC,TOTAL,LV,1.022
A,Y25-64,PC,BASIC,TOTAL,MT,2.627
A,Y25-64,PC,BASIC,TOTAL,NL,1.07
A,Y25-64,PC,BASIC,TOTAL,NO,1.296
A,Y25-64,PC,BASIC,TOTAL,PL,3.642
A,Y25-64,PC,BASIC,TOTAL,PT,3.182
A,Y25-64,PC,BASIC,TOTAL,RO,3.011
A,Y25-64,PC,BASIC,TOTAL,RS,2.366
A,Y25-64,PC,BASIC,TOTAL,SE,1.577
A,Y25-64,PC,BASIC,TOTAL,SI,1.2
A,Y25-64,PC,BASIC,TOTAL,SK,0.988
A,Y25-64,PC,GOOD,DEG1,AT,2.448
A,Y25-64,PC,GOOD,DEG1,BE,2.387
A,Y25-64,PC,GOOD,DEG1,BG,2.304
A,Y25-64,PC,GOOD,DEG1,CY,2.099
A,Y25-64,PC,GOOD,DEG1,CZ,2.126
A,Y25-64,PC,GOOD,DEG1,DE,2.558
A,Y25-64,PC,GOOD,DEG1,DK,1.625
A,Y25-64,PC,GOOD,DEG1,EA20,2.263
A,Y25-64,PC,GOOD,DEG1,EE,1.907
A,Y25-64,PC,GOOD,DEG1,EL,2.421
A,Y25-64,PC,GOOD,DEG1,ES,1.852
A,Y25-64,PC,GOOD,DEG1,EU27_2020,2.222
A,Y25-64,PC,GOOD,DEG1,FI,2.256
A,Y25-64,PC,GOOD,DEG1,FR,1.79
A,Y25-64,PC,GOOD,DEG1,HR,2.976
A,Y25-64,PC,GOOD,DEG1,HU,2.359
A,Y25-64,PC,GOOD,DEG1,IE,1.591
A,Y25-64,PC,GOOD,DEG1,IS,1.893
A,Y25-64,PC,GOOD,DEG1,IT,2.346
A,Y25-64,PC,GOOD,DEG1,LT,2.236
A,Y25-64,PC,GOOD,DEG1,LU,1.282
A,Y25-64,PC,GOOD,DEG1,LV,2.304
A,Y25-64,PC,GOOD,DEG1,MT,1.893
A,Y25-64,PC,GOOD,DEG1,NL,2.826
A,Y25-64,PC,GOOD,DEG1,NO,3.751
A,Y25-64,PC,GOOD,DEG1,PL,2.085
A,Y25-64,PC,GOOD,DEG1,PT,1.996
A,Y25-64,PC,GOOD,DEG1,RO,2.483
A,Y25-64,PC,GOOD,DEG1,RS,2.428
A,Y25-64,PC,GOOD,DEG1,SE,1.468
A,Y25-64,PC,GOOD,DEG1,SI,2.092
A,Y25-64,PC,GOOD,DEG1,SK,2.771
A,Y25-64,PC,GOOD,DEG2,AT,3.025
A,Y25-64,PC,GOOD,DEG2,BE,2.826
A,Y25-64,PC,GOOD,DEG2,BG,1.879
A,Y25-64,PC,GOOD,DEG2,CY,1.975
A,Y25-64,PC,GOOD,DEG2,CZ,1.859
A,Y25-64,PC,GOOD,DEG2,DE,2.414
A,Y25-64,PC,GOOD,DEG2,DK,2.332
A,Y25-64,PC,GOOD,DEG2,EA20,2.243
A,Y25-64,PC,GOOD,DEG2,EE,2.195
A,Y25-64,PC,GOOD,DEG2,EL,2.291
A,Y25-64,PC,GOOD,DEG2,ES,1.667
A,Y25-64,PC,GOOD,DEG2,EU27_2020,2.174
A,Y25-64,PC,GOOD,DEG2,FI,2.716
A,Y25-64,PC,GOOD,DEG2,FR,1.701
A,Y25-64,PC,GOOD,DEG2,HR,2.373
A,Y25-64,PC,GOOD,DEG2,HU,1.797
A,Y25-64,PC,GOOD,DEG2,IE,1.481
A,Y25-64,PC,GOOD,DEG2,IS,2.798
A,Y25-64,PC,GOOD,DEG2,IT,2.14
A,Y25-64,PC,GOOD,DEG2,LT,2.51
A,Y25-64,PC,GOOD,DEG2,LU,1.481
A,Y25-64,PC,GOOD,DEG2,MT,2.126
A,Y25-64,PC,GOOD,DEG2,NL,3.491
A,Y25-64,PC,GOOD,DEG2,NO,3.868
A,Y25-64,PC,GOOD,DEG2,PL,1.571
A,Y25-64,PC,GOOD,DEG2,PT,2.167
A,Y25-64,PC,GOOD,DEG2,RO,2.325
A,Y25-64,PC,GOOD,DEG2,RS,2.366
A,Y25-64,PC,GOOD,DEG2,SE,1.913
A,Y25-64,PC,GOOD,DEG2,SI,2.572
A,Y25-64,PC,GOOD,DEG2,SK,2.832
A,Y25-64,PC,GOOD,DEG3,AT,2.798
A,Y25-64,PC,GOOD,DEG3,BE,2.243
A,Y25-64,PC,GOOD,DEG3,BG,1.886
A,Y25-64,PC,GOOD,DEG3,CY,2.49
A,Y25-64,PC,GOOD,DEG3,CZ,1.632
A,Y25-64,PC,GOOD,DEG3,DE,2.071
A,Y25-64,PC,GOOD,DEG3,DK,2.771
A,Y25-64,PC,GOOD,DEG3,EA20,2.105
A,Y25-64,PC,GOOD,DEG3,EE,2.208
A,Y25-64,PC,GOOD,DEG3,EL,2.174
A,Y25-64,PC,GOOD,DEG3,ES,1.173
A,Y25-64,PC,GOOD,DEG3,EU27_2020,1.996
A,Y25-64,PC,GOOD,DEG3,FI,2.963
A,Y25-64,PC,GOOD,DEG3,FR,1.612
A,Y25-64,PC,GOOD,DEG3,HR,2.25
A,Y25-64,PC,GOOD,DEG3,HU,1.79
A,Y25-64,PC,GOOD,DEG3,IE,1.502
A,Y25-64,PC,GOOD,DEG3,IS,2.983
A,Y25-64,PC,GOOD,DEG3,IT,2.03
A,Y25-64,PC,GOOD,DEG3,LT,2.284
A,Y25-64,PC,GOOD,DEG3,LU,1.193
A,Y25-64,PC,GOOD,DEG3,LV,2.298
A,Y25-64,PC,GOOD,DEG3,NL,3.415
A,Y25-64,PC,GOOD,DEG3,NO,4.019
A,Y25-64,PC,GOOD,DEG3,PL,1.413
A,Y25-64,PC,GOOD,DEG3,PT,1.961
A,Y25-64,PC,GOOD,DEG3,RO,1.989
A,Y25-64,PC,GOOD,DEG3,RS,2.202
A,Y25-64,PC,GOOD,DEG3,SE,1.817
A,Y25-64,PC,GOOD,DEG3,SI,2.675
A,Y25-64,PC,GOOD,DEG3,SK,2.99
A,Y25-64,PC,GOOD,TOTAL,AT,2.75
A,Y25-64,PC,GOOD,TOTAL,BE,2.606
A,Y25-64,PC,GOOD,TOTAL,BG,2.133
A,Y25-64,PC,GOOD,TOTAL,CY,2.167
A,Y25-64,PC,GOOD,TOTAL,CZ,1.859
A,Y25-64,PC,GOOD,TOTAL,DE,2.414
A,Y25-64,PC,GOOD,TOTAL,DK,2.188
A,Y25-64,PC,GOOD,TOTAL,EA20,2.222
A,Y25-64,PC,GOOD,TOTAL,EE,2.071
A,Y25-64,PC,GOOD,TOTAL,EL,2.325
A,Y25-64,PC,GOOD,TOTAL,ES,1.728
A,Y25-64,PC,GOOD,TOTAL,EU27_2020,2.154
A,Y25-64,PC,GOOD,TOTAL,FI,2.551
A,Y25-64,PC,GOOD,TOTAL,FR,1.708
A,Y25-64,PC,GOOD,TOTAL,HR,2.599
A,Y25-64,PC,GOOD,TOTAL,HU,2.051
A,Y25-64,PC,GOOD,TOTAL,IE,1.529
A,Y25-64,PC,GOOD,TOTAL,IS,2.243
A,Y25-64,PC,GOOD,TOTAL,IT,2.202
A,Y25-64,PC,GOOD,TOTAL,LT,2.298
A,Y25-64,PC,GOOD,TOTAL,LU,1.344
A,Y25-64,PC,GOOD,TOTAL,LV,2.298
A,Y25-64,PC,GOOD,TOTAL,MT,2.016
A,Y25-64,PC,GOOD,TOTAL,NL,3.086
A,Y25-64,PC,GOOD,TOTAL,NO,3.875
A,Y25-64,PC,GOOD,TOTAL,PL,1.721
A,Y25-64,PC,GOOD,TOTAL,PT,2.044
A,Y25-64,PC,GOOD,TOTAL,RO,2.311
A,Y25-64,PC,GOOD,TOTAL,RS,2.339
A,Y25-64,PC,GOOD,TOTAL,SE,1.701
A,Y25-64,PC,GOOD,TOTAL,SI,2.524
A,Y25-64,PC,GOOD,TOTAL,SK,2.874
A,Y25-64,PC,NRP,DEG1,EA20,0.034
A,Y25-64,PC,NRP,DEG1,ES,0.055
A,Y25-64,PC,NRP,DEG1,EU27_2020,0.034
A,Y25-64,PC,NRP,DEG2,DE,0.069
A,Y25-64,PC,NRP,DEG2,EA20,0.027
A,Y25-64,PC,NRP,DEG2,EU27_2020,0.027
A,Y25-64,PC,NRP,DEG2,LU,0.11
A,Y25-64,PC,NRP,DEG3,EA20,0.014
A,Y25-64,PC,NRP,DEG3,EU27_2020,0.014
A,Y25-64,PC,NRP,TOTAL,DE,0.062
A,Y25-64,PC,NRP,TOTAL,DK,0.151
A,Y25-64,PC,NRP,TOTAL,EA20,0.027
A,Y25-64,PC,NRP,TOTAL,ES,0.055
A,Y25-64,PC,NRP,TOTAL,EU27_2020,0.027
A,Y25-64,PC,NRP,TOTAL,FI,0.089
A,Y25-64,PC,NRP,TOTAL,IS,0.178
A,Y25-64,PC,NRP,TOTAL,LU,0.096
A,Y25-64,PC,NRP,TOTAL,PL,0.014
A,Y25-64,PC,NRP,TOTAL,PT,0.027
A,Y25-64,PC,NRP,TOTAL,RS,0.069
A,Y25-64,PC,NRP,TOTAL,SE,0.075
A,Y25-64,PC,PROF,DEG1,AT,3.045
A,Y25-64,PC,PROF,DEG1,BE,2.956
A,Y25-64,PC,PROF,DEG1,BG,2.256
A,Y25-64,PC,PROF,DEG1,CY,3.786
A,Y25-64,PC,PROF,DEG1,CZ,1.68
A,Y25-64,PC,PROF,DEG1,DE,2.448
A,Y25-64,PC,PROF,DEG1,DK,4.266
A,Y25-64,PC,PROF,DEG1,EA20,2.318
A,Y25-64,PC,PROF,DEG1,EE,3.018
A,Y25-64,PC,PROF,DEG1,EL,2.339
A,Y25-64,PC,PROF,DEG1,ES,2.208
A,Y25-64,PC,PROF,DEG1,EU27_2020,2.359
A,Y25-64,PC,PROF,DEG1,FI,3.374
A,Y25-64,PC,PROF,DEG1,FR,2.311
A,Y25-64,PC,PROF,DEG1,HR,1.872
A,Y25-64,PC,PROF,DEG1,HU,2.085
A,Y25-64,PC,PROF,DEG1,IE,1.584
A,Y25-64,PC,PROF,DEG1,IS,4.403
A,Y25-64,PC,PROF,DEG1,IT,1.186
A,Y25-64,PC,PROF,DEG1,LT,3.463
A,Y25-64,PC,PROF,DEG1,LU,4.959
A,Y25-64,PC,PROF,DEG1,LV,3.313
A,Y25-64,PC,PROF,DEG1,MT,2.428
A,Y25-64,PC,PROF,DEG1,NL,3.045
A,Y25-64,PC,PROF,DEG1,NO,2.126
A,Y25-64,PC,PROF,DEG1,PL,2.112
A,Y25-64,PC,PROF,DEG1,PT,1.845
A,Y25-64,PC,PROF,DEG1,RO,2.16
A,Y25-64,PC,PROF,DEG1,RS,2.784
A,Y25-64,PC,PROF,DEG1,SE,4.156
A,Y25-64,PC,PROF,DEG1,SI,3.964
A,Y25-64,PC,PROF,DEG1,SK,3.196
A,Y25-64,PC,PROF,DEG2,AT,1.756
A,Y25-64,PC,PROF,DEG2,BE,2.318
A,Y25-64,PC,PROF,DEG2,BG,1.379
A,Y25-64,PC,PROF,DEG2,CY,3.409
A,Y25-64,PC,PROF,DEG2,CZ,0.816
A,Y25-64,PC,PROF,DEG2,DE,1.776
A,Y25-64,PC,PROF,DEG2,DK,2.99
A,Y25-64,PC,PROF,DEG2,EA20,1.694
A,Y25-64,PC,PROF,DEG2,EE,2.318
A,Y25-64,PC,PROF,DEG2,EL,1.907
A,Y25-64,PC,PROF,DEG2,ES,2.263
A,Y25-64,PC,PROF,DEG2,EU27_2020,1.687
A,Y25-64,PC,PROF,DEG2,FI,2.373
A,Y25-64,PC,PROF,DEG2,FR,1.454
A,Y25-64,PC,PROF,DEG2,HR,1.632
A,Y25-64,PC,PROF,DEG2,HU,1.838
A,Y25-64,PC,PROF,DEG2,IE,1.79
A,Y25-64,PC,PROF,DEG2,IS,3.223
A,Y25-64,PC,PROF,DEG2,IT,0.898
A,Y25-64,PC,PROF,DEG2,LT,2.099
A,Y25-64,PC,PROF,DEG2,LU,4.43
A,Y25-64,PC,PROF,DEG2,MT,2.023
A,Y25-64,PC,PROF,DEG2,NL,2.277
A,Y25-64,PC,PROF,DEG2,NO,1.687
A,Y25-64,PC,PROF,DEG2,PL,1.166
A,Y25-64,PC,PROF,DEG2,PT,1.461
A,Y25-64,PC,PROF,DEG2,RO,1.248
A,Y25-64,PC,PROF,DEG2,RS,2.03
A,Y25-64,PC,PROF,DEG2,SE,3.066
A,Y25-64,PC,PROF,DEG2,SI,3.162
A,Y25-64,PC,PROF,DEG2,SK,3.059
A,Y25-64,PC,PROF,DEG3,AT,1.159
A,Y25-64,PC,PROF,DEG3,BE,1.605
A,Y25-64,PC,PROF,DEG3,BG,1.879
A,Y25-64,PC,PROF,DEG3,CY,2.558
A,Y25-64,PC,PROF,DEG3,CZ,0.645
A,Y25-64,PC,PROF,DEG3,DE,0.974
A,Y25-64,PC,PROF,DEG3,DK,2.469
A,Y25-64,PC,PROF,DEG3,EA20,1.365
A,Y25-64,PC,PROF,DEG3,EE,2.332
A,Y25-64,PC,PROF,DEG3,EL,0.967
A,Y25-64,PC,PROF,DEG3,ES,2.16
A,Y25-64,PC,PROF,DEG3,EU27_2020,1.324
A,Y25-64,PC,PROF,DEG3,FI,1.721
A,Y25-64,PC,PROF,DEG3,FR,0.994
A,Y25-64,PC,PROF,DEG3,HR,1.831
A,Y25-64,PC,PROF,DEG3,HU,1.31
A,Y25-64,PC,PROF,DEG3,IE,1.18
A,Y25-64,PC,PROF,DEG3,IS,3.203
A,Y25-64,PC,PROF,DEG3,IT,0.871
A,Y25-64,PC,PROF,DEG3,LT,2.311
A,Y25-64,PC,PROF,DEG3,LU,4.972
A,Y25-64,PC,PROF,DEG3,LV,3.655
A,Y25-64,PC,PROF,DEG3,NL,2.037
A,Y25-64,PC,PROF,DEG3,NO,1.125
A,Y25-64,PC,PROF,DEG3,PL,0.974
A,Y25-64,PC,PROF,DEG3,PT,1.159
A,Y25-64,PC,PROF,DEG3,RO,0.754
A,Y25-64,PC,PROF,DEG3,RS,1.529
A,Y25-64,PC,PROF,DEG3,SE,2.819
A,Y25-64,PC,PROF,DEG3,SI,2.757
A,Y25-64,PC,PROF,DEG3,SK,2.784
A,Y25-64,PC,PROF,TOTAL,AT,1.968
A,Y25-64,PC,PROF,TOTAL,BE,2.421
A,Y25-64,PC,PROF,TOTAL,BG,1.989
A,Y25-64,PC,PROF,TOTAL,CY,3.388
A,Y25-64,PC,PROF,TOTAL,CZ,1.022
A,Y25-64,PC,PROF,TOTAL,DE,1.92
A,Y25-64,PC,PROF,TOTAL,DK,3.326
A,Y25-64,PC,PROF,TOTAL,EA20,1.893
A,Y25-64,PC,PROF,TOTAL,EE,2.64
A,Y25-64,PC,PROF,TOTAL,EL,1.879
A,Y25-64,PC,PROF,TOTAL,ES,2.222
A,Y25-64,PC,PROF,TOTAL,EU27_2020,1.893
A,Y25-64,PC,PROF,TOTAL,FI,2.709
A,Y25-64,PC,PROF,TOTAL,FR,1.68
A,Y25-64,PC,PROF,TOTAL,HR,1.783
A,Y25-64,PC,PROF,TOTAL,HU,1.831
A,Y25-64,PC,PROF,TOTAL,IE,1.488
A,Y25-64,PC,PROF,TOTAL,IS,3.992
A,Y25-64,PC,PROF,TOTAL,IT,1.001
A,Y25-64,PC,PROF,TOTAL,LT,2.805
A,Y25-64,PC,PROF,TOTAL,LU,4.718
A,Y25-64,PC,PROF,TOTAL,LV,3.532
A,Y25-64,PC,PROF,TOTAL,MT,2.222
A,Y25-64,PC,PROF,TOTAL,NL,2.654
A,Y25-64,PC,PROF,TOTAL,NO,1.66
A,Y25-64,PC,PROF,TOTAL,PL,1.481
A,Y25-64,PC,PROF,TOTAL,PT,1.605
A,Y25-64,PC,PROF,TOTAL,RO,1.536
A,Y25-64,PC,PROF,TOTAL,RS,2.154
A,Y25-64,PC,PROF,TOTAL,SE,3.498
A,Y25-64,PC,PROF,TOTAL,SI,3.141
A,Y25-64,PC,PROF,TOTAL,SK,3.004
A,Y25-69,PC,BASIC,DEG1,AT,1.413
A,Y25-69,PC,BASIC,DEG1,BE,1.577
A,Y25-69,PC,BASIC,DEG1,BG,2.25
A,Y25-69,PC,BASIC,DEG1,CY,1.042
A,Y25-69,PC,BASIC,DEG1,CZ,3.182
A,Y25-69,PC,BASIC,DEG1,DE,1.92
A,Y25-69,PC,BASIC,DEG1,DK,0.871
A,Y25-69,PC,BASIC,DEG1,EA20,2.325
A,Y25-69,PC,BASIC,DEG1,EE,2.051
A,Y25-69,PC,BASIC,DEG1,EL,2.222
A,Y25-69,PC,BASIC,DEG1,ES,2.784
A,Y25-69,PC,BASIC,DEG1,EU27_2020,2.325
A,Y25-69,PC,BASIC,DEG1,FI,1.214
A,Y25-69,PC,BASIC,DEG1,FR,2.839
A,Y25-69,PC,BASIC,DEG1,HR,2.112
A,Y25-69,PC,BASIC,DEG1,HU,2.49
A,Y25-69,PC,BASIC,DEG1,IE,3.697
A,Y25-69,PC,BASIC,DEG1,IS,0.398
A,Y25-69,PC,BASIC,DEG1,IT,3.415
A,Y25-69,PC,BASIC,DEG1,LT,1.207
A,Y25-69,PC,BASIC,DEG1,LU,0.576
A,Y25-69,PC,BASIC,DEG1,LV,1.365
A,Y25-69,PC,BASIC,DEG1,MT,2.558
A,Y25-69,PC,BASIC,DEG1,NL,0.94
A,Y25-69,PC,BASIC,DEG1,NO,0.974
A,Y25-69,PC,BASIC,DEG1,PL,2.805
A,Y25-69,PC,BASIC,DEG1,PT,3.079
A,Y25-69,PC,BASIC,DEG1,RO,2.263
A,Y25-69,PC,BASIC,DEG1,RS,1.817
A,Y25-69,PC,BASIC,DEG1,SE,1.228
A,Y25-69,PC,BASIC,DEG1,SI,0.857
A,Y25-69,PC,BASIC,DEG1,SK,0.974
A,Y25-69,PC,BASIC,DEG2,AT,2.174
A,Y25-69,PC,BASIC,DEG2,BE,1.831
A,Y25-69,PC,BASIC,DEG2,BG,3.614
A,Y25-69,PC,BASIC,DEG2,CY,1.557
A,Y25-69,PC,BASIC,DEG2,CZ,4.252
A,Y25-69,PC,BASIC,DEG2,DE,2.757
A,Y25-69,PC,BASIC,DEG2,DK,1.337
A,Y25-69,PC,BASIC,DEG2,EA20,2.983
A,Y25-69,PC,BASIC,DEG2,EE,2.352
A,Y25-69,PC,BASIC,DEG2,EL,2.695
A,Y25-69,PC,BASIC,DEG2,ES,2.901
A,Y25-69,PC,BASIC,DEG2,EU27_2020,3.052
A,Y25-69,PC,BASIC,DEG2,FI,1.79
A,Y25-69,PC,BASIC,DEG2,FR,3.717
A,Y25-69,PC,BASIC,DEG2,HR,2.922
A,Y25-69,PC,BASIC,DEG2,HU,3.306
A,Y25-69,PC,BASIC,DEG2,IE,3.669
A,Y25-69,PC,BASIC,DEG2,IT,3.916
A,Y25-69,PC,BASIC,DEG2,LT,2.222
A,Y25-69,PC,BASIC,DEG2,LU,0.83
A,Y25-69,PC,BASIC,DEG2,MT,2.771
A,Y25-69,PC,BASIC,DEG2,NL,1.173
A,Y25-69,PC,BASIC,DEG2,NO,1.344
A,Y25-69,PC,BASIC,DEG2,PL,4.273
A,Y25-69,PC,BASIC,DEG2,PT,3.299
A,Y25-69,PC,BASIC,DEG2,RO,3.347
A,Y25-69,PC,BASIC,DEG2,RS,2.565
A,Y25-69,PC,BASIC,DEG2,SE,1.955
A,Y25-69,PC,BASIC,DEG2,SI,1.159
A,Y25-69,PC,BASIC,DEG2,SK,0.994
A,Y25-69,PC,BASIC,DEG3,AT,2.956
A,Y25-69,PC,BASIC,DEG3,BE,2.983
A,Y25-69,PC,BASIC,DEG3,BG,3.258
A,Y25-69,PC,BASIC,DEG3,CY,1.852
A,Y25-69,PC,BASIC,DEG3,CZ,4.643
A,Y25-69,PC,BASIC,DEG3,DE,3.738
A,Y25-69,PC,BASIC,DEG3,DK,1.619
A,Y25-69,PC,BASIC,DEG3,EA20,3.402
A,Y25-69,PC,BASIC,DEG3,EE,2.352
A,Y25-69,PC,BASIC,DEG3,EL,3.745
A,Y25-69,PC,BASIC,DEG3,ES,3.429
A,Y25-69,PC,BASIC,DEG3,EU27_2020,3.566
A,Y25-69,PC,BASIC,DEG3,FI,2.318
A,Y25-69,PC,BASIC,DEG3,FR,4.293
A,Y25-69,PC,BASIC,DEG3,HR,2.922
A,Y25-69,PC,BASIC,DEG3,HU,3.799
A,Y25-69,PC,BASIC,DEG3,IE,4.218
A,Y25-69,PC,BASIC,DEG3,IS,0.59
A,Y25-69,PC,BASIC,DEG3,IT,4.033
A,Y25-69,PC,BASIC,DEG3,LT,2.263
A,Y25-69,PC,BASIC,DEG3,LU,0.672
A,Y25-69,PC,BASIC,DEG3,LV,0.933
A,Y25-69,PC,BASIC,DEG3,MT,2.606
A,Y25-69,PC,BASIC,DEG3,NL,1.488
A,Y25-69,PC,BASIC,DEG3,NO,1.79
A,Y25-69,PC,BASIC,DEG3,PL,4.581
A,Y25-69,PC,BASIC,DEG3,PT,3.786
A,Y25-69,PC,BASIC,DEG3,RO,4.136
A,Y25-69,PC,BASIC,DEG3,RS,3.217
A,Y25-69,PC,BASIC,DEG3,SE,2.551
A,Y25-69,PC,BASIC,DEG3,SI,1.447
A,Y25-69,PC,BASIC,DEG3,SK,1.118
A,Y25-69,PC,BASIC,TOTAL,AT,2.195
A,Y25-69,PC,BASIC,TOTAL,BE,1.913
A,Y25-69,PC,BASIC,TOTAL,BG,2.743
A,Y25-69,PC,BASIC,TOTAL,CY,1.358
A,Y25-69,PC,BASIC,TOTAL,CZ,4.06
A,Y25-69,PC,BASIC,TOTAL,DE,2.579
A,Y25-69,PC,BASIC,TOTAL,DK,1.241
A,Y25-69,PC,BASIC,TOTAL,EA20,2.784
A,Y25-69,PC,BASIC,TOTAL,EE,2.215
A,Y25-69,PC,BASIC,TOTAL,EL,2.723
A,Y25-69,PC,BASIC,TOTAL,ES,2.887
A,Y25-69,PC,BASIC,TOTAL,EU27_2020,2.86
A,Y25-69,PC,BASIC,TOTAL,FI,1.639
A,Y25-69,PC,BASIC,TOTAL,FR,3.525
A,Y25-69,PC,BASIC,TOTAL,HR,2.579
A,Y25-69,PC,BASIC,TOTAL,HU,3.038
A,Y25-69,PC,BASIC,TOTAL,IE,3.882
A,Y25-69,PC,BASIC,TOTAL,IS,0.466
A,Y25-69,PC,BASIC,TOTAL,IT,3.745
A,Y25-69,PC,BASIC,TOTAL,LT,1.776
A,Y25-69,PC,BASIC,TOTAL,LU,0.727
A,Y25-69,PC,BASIC,TOTAL,LV,1.09
A,Y25-69,PC,BASIC,TOTAL,MT,2.661
A,Y25-69,PC,BASIC,TOTAL,NL,1.125
A,Y25-69,PC,BASIC,TOTAL,NO,1.365
A,Y25-69,PC,BASIC,TOTAL,PL,3.779
A,Y25-69,PC,BASIC,TOTAL,PT,3.271
A,Y25-69,PC,BASIC,TOTAL,RO,3.052
A,Y25-69,PC,BASIC,TOTAL,RS,2.496
A,Y25-69,PC,BASIC,TOTAL,SE,1.749
A,Y25-69,PC,BASIC,TOTAL,SI,1.228
A,Y25-69,PC,BASIC,TOTAL,SK,1.029
A,Y25-69,PC,GOOD,DEG1,AT,2.51
A,Y25-69,PC,GOOD,DEG1,BE,2.4
A,Y25-69,PC,GOOD,DEG1,BG,2.421
A,Y25-69,PC,GOOD,DEG1,CY,2.099
A,Y25-69,PC,GOOD,DEG1,CZ,2.064
A,Y25-69,PC,GOOD,DEG1,DE,2.51
A,Y25-69,PC,GOOD,DEG1,DK,1.721
A,Y25-69,PC,GOOD,DEG1,EA20,2.243
A,Y25-69,PC,GOOD,DEG1,EE,1.92
A,Y25-69,PC,GOOD,DEG1,EL,2.373
A,Y25-69,PC,GOOD,DEG1,ES,1.831
A,Y25-69,PC,GOOD,DEG1,EU27_2020,2.208
A,Y25-69,PC,GOOD,DEG1,FI,2.325
A,Y25-69,PC,GOOD,DEG1,FR,1.756
A,Y25-69,PC,GOOD,DEG1,HR,2.901
A,Y25-69,PC,GOOD,DEG1,HU,2.325
A,Y25-69,PC,GOOD,DEG1,IE,1.577
A,Y25-69,PC,GOOD,DEG1,IS,2.03
A,Y25-69,PC,GOOD,DEG1,IT,2.298
A,Y25-69,PC,GOOD,DEG1,LT,2.215
A,Y25-69,PC,GOOD,DEG1,LU,1.303
A,Y25-69,PC,GOOD,DEG1,LV,2.304
A,Y25-69,PC,GOOD,DEG1,MT,1.893
A,Y25-69,PC,GOOD,DEG1,NL,2.908
A,Y25-69,PC,GOOD,DEG1,NO,3.847
A,Y25-69,PC,GOOD,DEG1,PL,2.037
A,Y25-69,PC,GOOD,DEG1,PT,1.989
A,Y25-69,PC,GOOD,DEG1,RO,2.483
A,Y25-69,PC,GOOD,DEG1,RS,2.4
A,Y25-69,PC,GOOD,DEG1,SE,1.543
A,Y25-69,PC,GOOD,DEG1,SI,2.14
A,Y25-69,PC,GOOD,DEG1,SK,2.736
A,Y25-69,PC,GOOD,DEG2,AT,2.983
A,Y25-69,PC,GOOD,DEG2,BE,2.791
A,Y25-69,PC,GOOD,DEG2,BG,1.941
A,Y25-69,PC,GOOD,DEG2,CY,2.009
A,Y25-69,PC,GOOD,DEG2,CZ,1.817
A,Y25-69,PC,GOOD,DEG2,DE,2.346
A,Y25-69,PC,GOOD,DEG2,DK,2.428
A,Y25-69,PC,GOOD,DEG2,EA20,2.202
A,Y25-69,PC,GOOD,DEG2,EE,2.188
A,Y25-69,PC,GOOD,DEG2,EL,2.284
A,Y25-69,PC,GOOD,DEG2,ES,1.605
A,Y25-69,PC,GOOD,DEG2,EU27_2020,2.133
A,Y25-69,PC,GOOD,DEG2,FI,2.757
A,Y25-69,PC,GOOD,DEG2,FR,1.701
A,Y25-69,PC,GOOD,DEG2,HR,2.277
A,Y25-69,PC,GOOD,DEG2,HU,1.763
A,Y25-69,PC,GOOD,DEG2,IE,1.481
A,Y25-69,PC,GOOD,DEG2,IS,3.093
A,Y25-69,PC,GOOD,DEG2,IT,2.078
A,Y25-69,PC,GOOD,DEG2,LT,2.49
A,Y25-69,PC,GOOD,DEG2,LU,1.461
A,Y25-69,PC,GOOD,DEG2,MT,2.133
A,Y25-69,PC,GOOD,DEG2,NL,3.511
A,Y25-69,PC,GOOD,DEG2,NO,3.896
A,Y25-69,PC,GOOD,DEG2,PL,1.495
A,Y25-69,PC,GOOD,DEG2,PT,2.133
A,Y25-69,PC,GOOD,DEG2,RO,2.291
A,Y25-69,PC,GOOD,DEG2,RS,2.359
A,Y25-69,PC,GOOD,DEG2,SE,1.913
A,Y25-69,PC,GOOD,DEG2,SI,2.599
A,Y25-69,PC,GOOD,DEG2,SK,2.88
A,Y25-69,PC,GOOD,DEG3,AT,2.75
A,Y25-69,PC,GOOD,DEG3,BE,2.27
A,Y25-69,PC,GOOD,DEG3,BG,1.776
A,Y25-69,PC,GOOD,DEG3,CY,2.469
A,Y25-69,PC,GOOD,DEG3,CZ,1.598
A,Y25-69,PC,GOOD,DEG3,DE,2.085
A,Y25-69,PC,GOOD,DEG3,DK,2.798
A,Y25-69,PC,GOOD,DEG3,EA20,2.085
A,Y25-69,PC,GOOD,DEG3,EE,2.25
A,Y25-69,PC,GOOD,DEG3,EL,2.167
A,Y25-69,PC,GOOD,DEG3,ES,1.173
A,Y25-69,PC,GOOD,DEG3,EU27_2020,1.975
A,Y25-69,PC,GOOD,DEG3,FI,2.846
A,Y25-69,PC,GOOD,DEG3,FR,1.571
A,Y25-69,PC,GOOD,DEG3,HR,2.174
A,Y25-69,PC,GOOD,DEG3,HU,1.763
A,Y25-69,PC,GOOD,DEG3,IE,1.454
A,Y25-69,PC,GOOD,DEG3,IS,3.025
A,Y25-69,PC,GOOD,DEG3,IT,1.982
A,Y25-69,PC,GOOD,DEG3,LT,2.284
A,Y25-69,PC,GOOD,DEG3,LU,1.18
A,Y25-69,PC,GOOD,DEG3,LV,2.27
A,Y25-69,PC,GOOD,DEG3,MT,2.339
A,Y25-69,PC,GOOD,DEG3,NL,3.402
A,Y25-69,PC,GOOD,DEG3,NO,3.998
A,Y25-69,PC,GOOD,DEG3,PL,1.358
A,Y25-69,PC,GOOD,DEG3,PT,1.913
A,Y25-69,PC,GOOD,DEG3,RO,1.968
A,Y25-69,PC,GOOD,DEG3,RS,2.167
A,Y25-69,PC,GOOD,DEG3,SE,1.701
A,Y25-69,PC,GOOD,DEG3,SI,2.675
A,Y25-69,PC,GOOD,DEG3,SK,3.045
A,Y25-69,PC,GOOD,TOTAL,AT,2.743
A,Y25-69,PC,GOOD,TOTAL,BE,2.599
A,Y25-69,PC,GOOD,TOTAL,BG,2.195
A,Y25-69,PC,GOOD,TOTAL,CY,2.174
A,Y25-69,PC,GOOD,TOTAL,CZ,1.817
A,Y25-69,PC,GOOD,TOTAL,DE,2.366
A,Y25-69,PC,GOOD,TOTAL,DK,2.27
A,Y25-69,PC,GOOD,TOTAL,EA20,2.195
A,Y25-69,PC,GOOD,TOTAL,EE,2.092
A,Y25-69,PC,GOOD,TOTAL,EL,2.298
A,Y25-69,PC,GOOD,TOTAL,ES,1.694
A,Y25-69,PC,GOOD,TOTAL,EU27_2020,2.126
A,Y25-69,PC,GOOD,TOTAL,FI,2.572
A,Y25-69,PC,GOOD,TOTAL,FR,1.68
A,Y25-69,PC,GOOD,TOTAL,HR,2.517
A,Y25-69,PC,GOOD,TOTAL,HU,2.023
A,Y25-69,PC,GOOD,TOTAL,IE,1.502
A,Y25-69,PC,GOOD,TOTAL,IS,2.394
A,Y25-69,PC,GOOD,TOTAL,IT,2.147
A,Y25-69,PC,GOOD,TOTAL,LT,2.284
A,Y25-69,PC,GOOD,TOTAL,LU,1.331
A,Y25-69,PC,GOOD,TOTAL,LV,2.284
A,Y25-69,PC,GOOD,TOTAL,MT,2.023
A,Y25-69,PC,GOOD,TOTAL,NL,3.134
A,Y25-69,PC,GOOD,TOTAL,NO,3.909
A,Y25-69,PC,GOOD,TOTAL,PL,1.667
A,Y25-69,PC,GOOD,TOTAL,PT,2.023
A,Y25-69,PC,GOOD,TOTAL,RO,2.298
A,Y25-69,PC,GOOD,TOTAL,RS,2.311
A,Y25-69,PC,GOOD,TOTAL,SE,1.715
A,Y25-69,PC,GOOD,TOTAL,SI,2.544
A,Y25-69,PC,GOOD,TOTAL,SK,2.901
A,Y25-69,PC,NRP,DEG1,EA20,0.034
A,Y25-69,PC,NRP,DEG1,ES,0.055
A,Y25-69,PC,NRP,DEG1,EU27_2020,0.034
A,Y25-69,PC,NRP,DEG1,IS,0.165
A,Y25-69,PC,NRP,DEG2,DE,0.062
A,Y25-69,PC,NRP,DEG2,EA20,0.027
A,Y25-69,PC,NRP,DEG2,ES,0.048
A,Y25-69,PC,NRP,DEG2,EU27_2020,0.027
A,Y25-69,PC,NRP,DEG2,LU,0.117
A,Y25-69,PC,NRP,DEG2,RS,0.075
A,Y25-69,PC,NRP,DEG3,EA20,0.014
A,Y25-69,PC,NRP,DEG3,EU27_2020,0.014
A,Y25-69,PC,NRP,DEG3,RS,0.13
A,Y25-69,PC,NRP,TOTAL,DE,0.062
A,Y25-69,PC,NRP,TOTAL,DK,0.158
A,Y25-69,PC,NRP,TOTAL,EA20,0.027
A,Y25-69,PC,NRP,TOTAL,ES,0.055
A,Y25-69,PC,NRP,TOTAL,EU27_2020,0.027
A,Y25-69,PC,NRP,TOTAL,FI,0.082
A,Y25-69,PC,NRP,TOTAL,IS,0.178
A,Y25-69,PC,NRP,TOTAL,LU,0.096
A,Y25-69,PC,NRP,TOTAL,PL,0.014
A,Y25-69,PC,NRP,TOTAL,PT,0.027
A,Y25-69,PC,NRP,TOTAL,RS,0.075
A,Y25-69,PC,NRP,TOTAL,SE,0.075
A,Y25-69,PC,PROF,DEG1,AT,2.928
A,Y25-69,PC,PROF,DEG1,BE,2.88
A,Y25-69,PC,PROF,DEG1,BG,2.181
A,Y25-69,PC,PROF,DEG1,CY,3.717
A,Y25-69,PC,PROF,DEG1,CZ,1.612
A,Y25-69,PC,PROF,DEG1,DE,2.366
A,Y25-69,PC,PROF,DEG1,DK,4.108
A,Y25-69,PC,PROF,DEG1,EA20,2.256
A,Y25-69,PC,PROF,DEG1,EE,2.887
A,Y25-69,PC,PROF,DEG1,EL,2.263
A,Y25-69,PC,PROF,DEG1,ES,2.188
A,Y25-69,PC,PROF,DEG1,EU27_2020,2.291
A,Y25-69,PC,PROF,DEG1,FI,3.237
A,Y25-69,PC,PROF,DEG1,FR,2.263
A,Y25-69,PC,PROF,DEG1,HR,1.845
A,Y25-69,PC,PROF,DEG1,HU,2.03
A,Y25-69,PC,PROF,DEG1,IE,1.543
A,Y25-69,PC,PROF,DEG1,IS,4.266
A,Y25-69,PC,PROF,DEG1,IT,1.145
A,Y25-69,PC,PROF,DEG1,LT,3.436
A,Y25-69,PC,PROF,DEG1,LU,4.897
A,Y25-69,PC,PROF,DEG1,LV,3.182
A,Y25-69,PC,PROF,DEG1,MT,2.414
A,Y25-69,PC,PROF,DEG1,NL,2.942
A,Y25-69,PC,PROF,DEG1,NO,2.016
A,Y25-69,PC,PROF,DEG1,PL,2.009
A,Y25-69,PC,PROF,DEG1,PT,1.769
A,Y25-69,PC,PROF,DEG1,RO,2.112
A,Y25-69,PC,PROF,DEG1,RS,2.64
A,Y25-69,PC,PROF,DEG1,SE,3.998
A,Y25-69,PC,PROF,DEG1,SI,3.861
A,Y25-69,PC,PROF,DEG1,SK,3.148
A,Y25-69,PC,PROF,DEG2,AT,1.694
A,Y25-69,PC,PROF,DEG2,BE,2.236
A,Y25-69,PC,PROF,DEG2,BG,1.31
A,Y25-69,PC,PROF,DEG2,CY,3.292
A,Y25-69,PC,PROF,DEG2,CZ,0.789
A,Y25-69,PC,PROF,DEG2,DE,1.694
A,Y25-69,PC,PROF,DEG2,DK,2.88
A,Y25-69,PC,PROF,DEG2,EA20,1.646
A,Y25-69,PC,PROF,DEG2,EE,2.318
A,Y25-69,PC,PROF,DEG2,EL,1.872
A,Y25-69,PC,PROF,DEG2,ES,2.304
A,Y25-69,PC,PROF,DEG2,EU27_2020,1.639
A,Y25-69,PC,PROF,DEG2,FI,2.236
A,Y25-69,PC,PROF,DEG2,FR,1.44
A,Y25-69,PC,PROF,DEG2,HR,1.646
A,Y25-69,PC,PROF,DEG2,HU,1.783
A,Y25-69,PC,PROF,DEG2,IE,1.708
A,Y25-69,PC,PROF,DEG2,IS,2.99
A,Y25-69,PC,PROF,DEG2,IT,0.864
A,Y25-69,PC,PROF,DEG2,LT,2.147
A,Y25-69,PC,PROF,DEG2,LU,4.451
A,Y25-69,PC,PROF,DEG2,MT,1.961
A,Y25-69,PC,PROF,DEG2,NL,2.174
A,Y25-69,PC,PROF,DEG2,NO,1.598
A,Y25-69,PC,PROF,DEG2,PL,1.077
A,Y25-69,PC,PROF,DEG2,PT,1.399
A,Y25-69,PC,PROF,DEG2,RO,1.214
A,Y25-69,PC,PROF,DEG2,RS,1.934
A,Y25-69,PC,PROF,DEG2,SE,2.928
A,Y25-69,PC,PROF,DEG2,SI,3.1
A,Y25-69,PC,PROF,DEG2,SK,2.99
A,Y25-69,PC,PROF,DEG3,AT,1.145
A,Y25-69,PC,PROF,DEG3,BE,1.605
A,Y25-69,PC,PROF,DEG3,BG,1.824
A,Y25-69,PC,PROF,DEG3,CY,2.538
A,Y25-69,PC,PROF,DEG3,CZ,0.617
A,Y25-69,PC,PROF,DEG3,DE,1.001
A,Y25-69,PC,PROF,DEG3,DK,2.339
A,Y25-69,PC,PROF,DEG3,EA20,1.358
A,Y25-69,PC,PROF,DEG3,EE,2.256
A,Y25-69,PC,PROF,DEG3,EL,0.946
A,Y25-69,PC,PROF,DEG3,ES,2.202
A,Y25-69,PC,PROF,DEG3,EU27_2020,1.303
A,Y25-69,PC,PROF,DEG3,FI,1.591
A,Y25-69,PC,PROF,DEG3,FR,0.994
A,Y25-69,PC,PROF,DEG3,HR,1.769
A,Y25-69,PC,PROF,DEG3,HU,1.296
A,Y25-69,PC,PROF,DEG3,IE,1.186
A,Y25-69,PC,PROF,DEG3,IS,3.018
A,Y25-69,PC,PROF,DEG3,IT,0.844
A,Y25-69,PC,PROF,DEG3,LT,2.311
A,Y25-69,PC,PROF,DEG3,LU,4.917
A,Y25-69,PC,PROF,DEG3,LV,3.642
A,Y25-69,PC,PROF,DEG3,NL,1.961
A,Y25-69,PC,PROF,DEG3,NO,1.042
A,Y25-69,PC,PROF,DEG3,PL,0.912
A,Y25-69,PC,PROF,DEG3,PT,1.118
A,Y25-69,PC,PROF,DEG3,RO,0.754
A,Y25-69,PC,PROF,DEG3,RS,1.475
A,Y25-69,PC,PROF,DEG3,SE,2.524
A,Y25-69,PC,PROF,DEG3,SI,2.736
A,Y25-69,PC,PROF,DEG3,SK,2.695
A,Y25-69,PC,PROF,TOTAL,AT,1.913
A,Y25-69,PC,PROF,TOTAL,BE,2.346
A,Y25-69,PC,PROF,TOTAL,BG,1.913
A,Y25-69,PC,PROF,TOTAL,CY,3.326
A,Y25-69,PC,PROF,TOTAL,CZ,0.981
A,Y25-69,PC,PROF,TOTAL,DE,1.852
A,Y25-69,PC,PROF,TOTAL,DK,3.182
A,Y25-69,PC,PROF,TOTAL,EA20,1.845
A,Y25-69,PC,PROF,TOTAL,EE,2.551
A,Y25-69,PC,PROF,TOTAL,EL,1.831
A,Y25-69,PC,PROF,TOTAL,ES,2.229
A,Y25-69,PC,PROF,TOTAL,EU27_2020,1.845
A,Y25-69,PC,PROF,TOTAL,FI,2.565
A,Y25-69,PC,PROF,TOTAL,FR,1.646
A,Y25-69,PC,PROF,TOTAL,HR,1.763
A,Y25-69,PC,PROF,TOTAL,HU,1.79
A,Y25-69,PC,PROF,TOTAL,IE,1.454
A,Y25-69,PC,PROF,TOTAL,IS,3.82
A,Y25-69,PC,PROF,TOTAL,IT,0.967
A,Y25-69,PC,PROF,TOTAL,LT,2.798
A,Y25-69,PC,PROF,TOTAL,LU,4.705
A,Y25-69,PC,PROF,TOTAL,LV,3.477
A,Y25-69,PC,PROF,TOTAL,MT,2.174
A,Y25-69,PC,PROF,TOTAL,NL,2.558
A,Y25-69,PC,PROF,TOTAL,NO,1.557
A,Y25-69,PC,PROF,TOTAL,PL,1.399
A,Y25-69,PC,PROF,TOTAL,PT,1.536
A,Y25-69,PC,PROF,TOTAL,RO,1.509
A,Y25-69,PC,PROF,TOTAL,RS,2.051
A,Y25-69,PC,PROF,TOTAL,SE,3.313
A,Y25-69,PC,PROF,TOTAL,SI,3.086
A,Y25-69,PC,PROF,TOTAL,SK,2.928
